Post ID	Campaign Name	Image Name	Platform	Graphic Headline	Image Prompt	Caption	Hashtags	Scheduled Date	Scheduled Time	Holiday Or Seasonal Context	Status	Enabled
20260601-FB-001	CommunityBridge Annual Growth Campaign 2026-2027	2026-06-role-based-dashboards-01	Facebook	Clear Roles Create Better Care Days	clean branded healthcare-tech social graphic, white and slate background with subtle blue-green gradient accents, calm modern layout, abstract connected nodes and dashboard cards, headline centered, CommunityBridge brand feel, instagram portrait 4:5, CommunityBridge branding, Summer Operations emphasis, headline text Clear Roles Create Better Care Days	When every role can see what matters most, daily operations get easier to manage. CommunityBridge helps teams reduce confusion, support consistent communication, and keep care moving forward with more clarity. Request a demo to see how a more connected workflow can support your organization. This season is a good time to focus on summer coordination and clear team communication.	#CommunityBridge #ABATherapy #CareCoordination #HealthcareTechnology #BCBA #ClinicOperations	2026-06-01	10:00 AM	None	Pending	TRUE
20260601-IG-001	CommunityBridge Annual Growth Campaign 2026-2027	2026-06-role-based-dashboards-01	Instagram	Clear Roles Create Better Care Days	clean branded healthcare-tech social graphic, white and slate background with subtle blue-green gradient accents, calm modern layout, abstract connected nodes and dashboard cards, headline centered, CommunityBridge brand feel, instagram portrait 4:5, CommunityBridge branding, Summer Operations emphasis, headline text Clear Roles Create Better Care Days	Clear roles make busy care days feel more manageable. CommunityBridge helps teams stay connected, informed, and ready to support families with more confidence. Request a demo to see the workflow in action. This season is all about summer coordination and clear team communication.	#CommunityBridge #ABATherapy #CareCoordination #HealthcareTechnology #BCBA #ClinicOperations	2026-06-01	10:00 AM	None	Pending	TRUE
20260603-FB-002	CommunityBridge Annual Growth Campaign 2026-2027	2026-06-family-communication-02	Facebook	Family Communication Should Feel Simple	static branded portrait social graphic, supportive healthcare-tech style, soft green and blue accents, clean whitespace, subtle message bubbles and family-care icons, modern sans serif typography, calm reassuring composition, instagram portrait 4:5, CommunityBridge branding, Summer Operations emphasis, headline text Family Communication Should Feel Simple	Families should not have to guess what comes next. CommunityBridge helps care teams share timely updates, reduce back-and-forth, and create a more confident experience for parents and caregivers. Request a demo to explore a simpler communication workflow. This season is a good time to focus on summer coordination and clear team communication.	#CommunityBridge #FamilyCommunication #ABATherapy #CareTeams #ParentSupport #HealthcareWorkflow	2026-06-03	10:00 AM	None	Pending	TRUE
20260603-IG-002	CommunityBridge Annual Growth Campaign 2026-2027	2026-06-family-communication-02	Instagram	Family Communication Should Feel Simple	static branded portrait social graphic, supportive healthcare-tech style, soft green and blue accents, clean whitespace, subtle message bubbles and family-care icons, modern sans serif typography, calm reassuring composition, instagram portrait 4:5, CommunityBridge branding, Summer Operations emphasis, headline text Family Communication Should Feel Simple	Better family communication starts with clearer systems behind the scenes. CommunityBridge helps providers keep updates timely, simple, and easier for families to trust. Request a demo to learn more. This season is all about summer coordination and clear team communication.	#CommunityBridge #FamilyCommunication #ABATherapy #CareTeams #ParentSupport #HealthcareWorkflow	2026-06-03	10:00 AM	None	Pending	TRUE
20260605-FB-003	CommunityBridge Annual Growth Campaign 2026-2027	2026-06-scheduling-efficiency-03	Facebook	Better Schedules Support Better Days	branded instagram portrait graphic, operational healthcare layout, minimal calendar grid elements, soft green highlight, navy and slate accents, clean modern headline space, organized and efficient visual tone, instagram portrait 4:5, CommunityBridge branding, Summer Operations emphasis, headline text Better Schedules Support Better Days	Scheduling is more than filling a calendar. CommunityBridge helps providers coordinate staff, reduce friction, and create smoother days for clinicians, office teams, and families alike. Request a demo to see a more efficient scheduling workflow. This season is a good time to focus on summer coordination and clear team communication.	#CommunityBridge #SchedulingEfficiency #ABATherapy #ClinicOperations #CareCoordination #WorkflowTools	2026-06-05	10:00 AM	None	Pending	TRUE
20260605-IG-003	CommunityBridge Annual Growth Campaign 2026-2027	2026-06-scheduling-efficiency-03	Instagram	Better Schedules Support Better Days	branded instagram portrait graphic, operational healthcare layout, minimal calendar grid elements, soft green highlight, navy and slate accents, clean modern headline space, organized and efficient visual tone, instagram portrait 4:5, CommunityBridge branding, Summer Operations emphasis, headline text Better Schedules Support Better Days	A stronger schedule helps everyone move with less friction. CommunityBridge supports clearer planning, smoother handoffs, and better daily coordination. Request a demo to see the difference. This season is all about summer coordination and clear team communication.	#CommunityBridge #SchedulingEfficiency #ABATherapy #ClinicOperations #CareCoordination #WorkflowTools	2026-06-05	10:00 AM	None	Pending	TRUE
20260608-FB-004	CommunityBridge Annual Growth Campaign 2026-2027	2026-06-billing-visibility-04	Facebook	Visibility Turns Billing Into Action	professional branded social graphic for healthcare operations, clean white background, subtle billing chart elements, blue-green gradient lines, polished admin-tech style, clear centered headline, instagram portrait 4:5, CommunityBridge branding, Summer Operations emphasis, headline text Visibility Turns Billing Into Action	When billing details are easier to track, teams can respond faster and plan with more confidence. CommunityBridge helps organizations improve visibility across operational workflows so fewer details get lost. Request a demo to explore smarter coordination. This season is a good time to focus on summer coordination and clear team communication.	#CommunityBridge #BillingVisibility #HealthcareTechnology #ABATherapy #AdminEfficiency #OperationsSupport	2026-06-08	10:00 AM	None	Pending	TRUE
20260608-IG-004	CommunityBridge Annual Growth Campaign 2026-2027	2026-06-billing-visibility-04	Instagram	Visibility Turns Billing Into Action	professional branded social graphic for healthcare operations, clean white background, subtle billing chart elements, blue-green gradient lines, polished admin-tech style, clear centered headline, instagram portrait 4:5, CommunityBridge branding, Summer Operations emphasis, headline text Visibility Turns Billing Into Action	More visibility means fewer surprises. CommunityBridge helps teams stay on top of operational details with clearer workflows and stronger follow-through. Request a demo to learn more. This season is all about summer coordination and clear team communication.	#CommunityBridge #BillingVisibility #HealthcareTechnology #ABATherapy #AdminEfficiency #OperationsSupport	2026-06-08	10:00 AM	None	Pending	TRUE
20260610-FB-005	CommunityBridge Annual Growth Campaign 2026-2027	2026-06-reporting-insights-05	Facebook	Reporting Should Support Better Decisions	clean data-informed social graphic, branded healthcare-tech portrait design, subtle report cards and chart accents, calm professional palette, spacious layout, headline prominent and readable, instagram portrait 4:5, CommunityBridge branding, Summer Operations emphasis, headline text Reporting Should Support Better Decisions	Good reporting should help teams act, not slow them down. CommunityBridge supports better visibility into the information providers need so decisions can feel more timely, aligned, and practical. Request a demo to see how reporting workflows can work better. This season is a good time to focus on summer coordination and clear team communication.	#CommunityBridge #ReportingInsights #HealthcareWorkflow #ABATherapy #CareCoordination #OperationalClarity	2026-06-10	10:00 AM	None	Pending	TRUE
20260610-IG-005	CommunityBridge Annual Growth Campaign 2026-2027	2026-06-reporting-insights-05	Instagram	Reporting Should Support Better Decisions	clean data-informed social graphic, branded healthcare-tech portrait design, subtle report cards and chart accents, calm professional palette, spacious layout, headline prominent and readable, instagram portrait 4:5, CommunityBridge branding, Summer Operations emphasis, headline text Reporting Should Support Better Decisions	Better reporting leads to better next steps. CommunityBridge helps teams turn information into action with more clarity and less guesswork. Request a demo to explore the workflow. This season is all about summer coordination and clear team communication.	#CommunityBridge #ReportingInsights #HealthcareWorkflow #ABATherapy #CareCoordination #OperationalClarity	2026-06-10	10:00 AM	None	Pending	TRUE
20260612-FB-006	CommunityBridge Annual Growth Campaign 2026-2027	2026-06-admin-time-savings-06	Facebook	Save Time Where It Matters Most	static branded promo graphic, calm admin efficiency theme, white background, layered blue and green curves, checklist and workflow icons, modern clean typography, polished and practical, instagram portrait 4:5, CommunityBridge branding, Summer Operations emphasis, headline text Save Time Where It Matters Most	When administrative work becomes more manageable, teams get more room to focus on people. CommunityBridge helps organizations simplify coordination and reduce workflow drag across everyday tasks. Request a demo to see how your team could save time. This season is a good time to focus on summer coordination and clear team communication.	#CommunityBridge #AdminEfficiency #CareCoordination #ABATherapy #HealthcareTechnology #TeamSupport	2026-06-12	10:00 AM	None	Pending	TRUE
20260612-IG-006	CommunityBridge Annual Growth Campaign 2026-2027	2026-06-admin-time-savings-06	Instagram	Save Time Where It Matters Most	static branded promo graphic, calm admin efficiency theme, white background, layered blue and green curves, checklist and workflow icons, modern clean typography, polished and practical, instagram portrait 4:5, CommunityBridge branding, Summer Operations emphasis, headline text Save Time Where It Matters Most	Less admin friction creates more room for meaningful work. CommunityBridge helps teams streamline the tasks that shape every day. Request a demo to see how it works. This season is all about summer coordination and clear team communication.	#CommunityBridge #AdminEfficiency #CareCoordination #ABATherapy #HealthcareTechnology #TeamSupport	2026-06-12	10:00 AM	None	Pending	TRUE
20260615-FB-007	CommunityBridge Annual Growth Campaign 2026-2027	2026-06-care-team-coordination-07	Facebook	Connected Teams Create Calmer Days	branded care coordination graphic, portrait format, soft blue-green gradients, connected team icons, welcoming healthcare-tech aesthetic, balanced spacing, strong centered headline, instagram portrait 4:5, CommunityBridge branding, Summer Operations emphasis, headline text Connected Teams Create Calmer Days	Care feels stronger when teams are aligned. CommunityBridge helps clinicians, administrators, and family-facing staff stay coordinated so important details reach the right people at the right time. Request a demo to explore a more connected approach. This season is a good time to focus on summer coordination and clear team communication.	#CommunityBridge #CareCoordination #ABATherapy #TeamCommunication #HealthcareWorkflow #ProviderSupport	2026-06-15	10:00 AM	None	Pending	TRUE
20260615-IG-007	CommunityBridge Annual Growth Campaign 2026-2027	2026-06-care-team-coordination-07	Instagram	Connected Teams Create Calmer Days	branded care coordination graphic, portrait format, soft blue-green gradients, connected team icons, welcoming healthcare-tech aesthetic, balanced spacing, strong centered headline, instagram portrait 4:5, CommunityBridge branding, Summer Operations emphasis, headline text Connected Teams Create Calmer Days	Connected teams can support families with more consistency and less stress. CommunityBridge helps bring the right people and information together. Request a demo to learn more. This season is all about summer coordination and clear team communication.	#CommunityBridge #CareCoordination #ABATherapy #TeamCommunication #HealthcareWorkflow #ProviderSupport	2026-06-15	10:00 AM	None	Pending	TRUE
20260617-FB-008	CommunityBridge Annual Growth Campaign 2026-2027	2026-06-parent-trust-08	Facebook	Trust Grows Through Clear Communication	supportive branded social graphic, family trust theme, clean portrait layout, soft green and blue arcs, subtle family silhouettes or icons, modern calming typography, instagram portrait 4:5, CommunityBridge branding, Summer Operations emphasis, headline text Trust Grows Through Clear Communication	Trust is built through steady communication, clear expectations, and reliable follow-through. CommunityBridge helps organizations create a more supportive experience for families through stronger coordination. Request a demo to see how the platform supports trust at scale. This season is a good time to focus on summer coordination and clear team communication.	#CommunityBridge #ParentTrust #FamilySupport #ABATherapy #CareTeams #HealthcareTechnology	2026-06-17	10:00 AM	None	Pending	TRUE
20260617-IG-008	CommunityBridge Annual Growth Campaign 2026-2027	2026-06-parent-trust-08	Instagram	Trust Grows Through Clear Communication	supportive branded social graphic, family trust theme, clean portrait layout, soft green and blue arcs, subtle family silhouettes or icons, modern calming typography, instagram portrait 4:5, CommunityBridge branding, Summer Operations emphasis, headline text Trust Grows Through Clear Communication	Trust grows when families feel informed and supported. CommunityBridge helps teams create a clearer experience from day to day. Request a demo to see how. This season is all about summer coordination and clear team communication.	#CommunityBridge #ParentTrust #FamilySupport #ABATherapy #CareTeams #HealthcareTechnology	2026-06-17	10:00 AM	None	Pending	TRUE
20260619-FB-009	CommunityBridge Annual Growth Campaign 2026-2027	2026-06-provider-growth-09	Facebook	Progress Grows Through Community	professional growth-focused healthcare graphic, clean white field, subtle upward motion elements, dashboard and team icons, blue-green brand accents, modern polished portrait composition, instagram portrait 4:5, CommunityBridge branding, Summer Operations emphasis, headline text Progress Grows Through Community	As teams honor progress, dignity, and community, stronger support systems matter. CommunityBridge helps organizations build clearer communication and more connected day-to-day coordination for the people they serve. Request a demo to explore a more supportive workflow.	#CommunityBridge #ProviderGrowth #ABATherapy #HealthcareOperations #ScalableSystems #ClinicLeadership #Juneteenth #CommunitySupport	2026-06-19	10:00 AM	Juneteenth	Pending	TRUE
20260619-IG-009	CommunityBridge Annual Growth Campaign 2026-2027	2026-06-provider-growth-09	Instagram	Progress Grows Through Community	professional growth-focused healthcare graphic, clean white field, subtle upward motion elements, dashboard and team icons, blue-green brand accents, modern polished portrait composition, instagram portrait 4:5, CommunityBridge branding, Summer Operations emphasis, headline text Progress Grows Through Community	Support, dignity, and clear communication matter in every care setting. CommunityBridge helps teams stay connected and serve families with more clarity. Request a demo to learn more.	#CommunityBridge #ProviderGrowth #ABATherapy #HealthcareOperations #ScalableSystems #ClinicLeadership #Juneteenth #CommunitySupport	2026-06-19	10:00 AM	Juneteenth	Pending	TRUE
20260622-FB-010	CommunityBridge Annual Growth Campaign 2026-2027	2026-06-operational-clarity-10	Facebook	Operational Clarity Changes Everything	minimal branded operations graphic, portrait static design, crisp typography, subtle workflow layers and directional lines, clean healthcare-tech atmosphere, blue and green highlight accents, instagram portrait 4:5, CommunityBridge branding, Summer Operations emphasis, headline text Operational Clarity Changes Everything	Operational clarity helps teams move faster with less confusion. CommunityBridge brings key workflows into one connected experience so providers can support staff and families more effectively. Request a demo to see how clearer operations can improve the day. This season is a good time to focus on summer coordination and clear team communication.	#CommunityBridge #OperationalClarity #ClinicOperations #ABATherapy #WorkflowSupport #HealthcareTechnology	2026-06-22	10:00 AM	None	Pending	TRUE
20260622-IG-010	CommunityBridge Annual Growth Campaign 2026-2027	2026-06-operational-clarity-10	Instagram	Operational Clarity Changes Everything	minimal branded operations graphic, portrait static design, crisp typography, subtle workflow layers and directional lines, clean healthcare-tech atmosphere, blue and green highlight accents, instagram portrait 4:5, CommunityBridge branding, Summer Operations emphasis, headline text Operational Clarity Changes Everything	Clarity creates momentum. CommunityBridge helps teams simplify operations so the day can run with more confidence. Request a demo to explore the platform. This season is all about summer coordination and clear team communication.	#CommunityBridge #OperationalClarity #ClinicOperations #ABATherapy #WorkflowSupport #HealthcareTechnology	2026-06-22	10:00 AM	None	Pending	TRUE
20260624-FB-011	CommunityBridge Annual Growth Campaign 2026-2027	2026-06-faq-education-11	Facebook	Better Questions Lead To Better Workflows	educational branded social graphic, portrait layout, FAQ card motif, calm healthcare-tech palette, clean whitespace, modern headline and subtle icon accents, instagram portrait 4:5, CommunityBridge branding, Summer Operations emphasis, headline text Better Questions Lead To Better Workflows	Sometimes the best workflow improvements start with the right questions. CommunityBridge helps organizations simplify the systems behind communication, scheduling, and day-to-day coordination. Request a demo to see what a more connected workflow could look like.	#CommunityBridge #ABAEducation #HealthcareWorkflow #ABATherapy #OperationsSupport #ProviderTools	2026-06-24	10:00 AM	Summer Operations	Pending	TRUE
20260624-IG-011	CommunityBridge Annual Growth Campaign 2026-2027	2026-06-faq-education-11	Instagram	Better Questions Lead To Better Workflows	educational branded social graphic, portrait layout, FAQ card motif, calm healthcare-tech palette, clean whitespace, modern headline and subtle icon accents, instagram portrait 4:5, CommunityBridge branding, Summer Operations emphasis, headline text Better Questions Lead To Better Workflows	Good questions often lead to stronger systems. CommunityBridge helps teams simplify everyday coordination with tools built for clarity. Request a demo to learn more.	#CommunityBridge #ABAEducation #HealthcareWorkflow #ABATherapy #OperationsSupport #ProviderTools	2026-06-24	10:00 AM	Summer Operations	Pending	TRUE
20260626-FB-012	CommunityBridge Annual Growth Campaign 2026-2027	2026-06-demo-cta-12	Facebook	See CommunityBridge In Action	branded promotional static graphic, clean modern healthcare-tech style, subtle app interface cards, green call-to-action accent, white and slate composition, confident headline area, instagram portrait 4:5, CommunityBridge branding, Summer Operations emphasis, headline text See CommunityBridge In Action	The best way to understand a stronger workflow is to see it in action. CommunityBridge helps organizations simplify communication, scheduling, coordination, and operational visibility in one connected platform. Request a demo to explore how it could support your team. This season is a good time to focus on summer coordination and clear team communication.	#CommunityBridge #RequestADemo #ABATherapy #HealthcareTechnology #CareCoordination #ClinicOperations	2026-06-26	10:00 AM	None	Pending	TRUE
20260626-IG-012	CommunityBridge Annual Growth Campaign 2026-2027	2026-06-demo-cta-12	Instagram	See CommunityBridge In Action	branded promotional static graphic, clean modern healthcare-tech style, subtle app interface cards, green call-to-action accent, white and slate composition, confident headline area, instagram portrait 4:5, CommunityBridge branding, Summer Operations emphasis, headline text See CommunityBridge In Action	Want to see how a more connected care workflow could look for your team. Request a demo and explore CommunityBridge in action. This season is all about summer coordination and clear team communication.	#CommunityBridge #RequestADemo #ABATherapy #HealthcareTechnology #CareCoordination #ClinicOperations	2026-06-26	10:00 AM	None	Pending	TRUE
20260701-FB-013	CommunityBridge Annual Growth Campaign 2026-2027	2026-07-family-communication-01	Facebook	Freedom Works Best With Support	static branded portrait social graphic, supportive healthcare-tech style, soft green and blue accents, clean whitespace, subtle message bubbles and family-care icons, modern sans serif typography, calm reassuring composition, instagram portrait 4:5, CommunityBridge branding, Midyear Momentum emphasis, headline text Freedom Works Best With Support	As teams move through a busy holiday week, clear systems help communication and coordination stay steady. CommunityBridge supports providers with workflows that reduce friction and keep important details visible. Request a demo to explore the platform.	#CommunityBridge #FamilyCommunication #ABATherapy #CareTeams #ParentSupport #HealthcareWorkflow #IndependenceDay #HolidayWeek	2026-07-01	10:00 AM	Independence Day	Pending	TRUE
20260701-IG-013	CommunityBridge Annual Growth Campaign 2026-2027	2026-07-family-communication-01	Instagram	Freedom Works Best With Support	static branded portrait social graphic, supportive healthcare-tech style, soft green and blue accents, clean whitespace, subtle message bubbles and family-care icons, modern sans serif typography, calm reassuring composition, instagram portrait 4:5, CommunityBridge branding, Midyear Momentum emphasis, headline text Freedom Works Best With Support	Holiday weeks still need clear coordination. CommunityBridge helps teams stay aligned and informed when schedules shift. Request a demo to see how it works.	#CommunityBridge #FamilyCommunication #ABATherapy #CareTeams #ParentSupport #HealthcareWorkflow #IndependenceDay #HolidayWeek	2026-07-01	10:00 AM	Independence Day	Pending	TRUE
20260703-FB-014	CommunityBridge Annual Growth Campaign 2026-2027	2026-07-scheduling-efficiency-02	Facebook	Freedom Works Best With Support	branded instagram portrait graphic, operational healthcare layout, minimal calendar grid elements, soft green highlight, navy and slate accents, clean modern headline space, organized and efficient visual tone, instagram portrait 4:5, CommunityBridge branding, Midyear Momentum emphasis, headline text Freedom Works Best With Support	As teams move through a busy holiday week, clear systems help communication and coordination stay steady. CommunityBridge supports providers with workflows that reduce friction and keep important details visible. Request a demo to explore the platform.	#CommunityBridge #SchedulingEfficiency #ABATherapy #ClinicOperations #CareCoordination #WorkflowTools #IndependenceDay #HolidayWeek	2026-07-03	10:00 AM	Independence Day	Pending	TRUE
20260703-IG-014	CommunityBridge Annual Growth Campaign 2026-2027	2026-07-scheduling-efficiency-02	Instagram	Freedom Works Best With Support	branded instagram portrait graphic, operational healthcare layout, minimal calendar grid elements, soft green highlight, navy and slate accents, clean modern headline space, organized and efficient visual tone, instagram portrait 4:5, CommunityBridge branding, Midyear Momentum emphasis, headline text Freedom Works Best With Support	Holiday weeks still need clear coordination. CommunityBridge helps teams stay aligned and informed when schedules shift. Request a demo to see how it works.	#CommunityBridge #SchedulingEfficiency #ABATherapy #ClinicOperations #CareCoordination #WorkflowTools #IndependenceDay #HolidayWeek	2026-07-03	10:00 AM	Independence Day	Pending	TRUE
20260706-FB-015	CommunityBridge Annual Growth Campaign 2026-2027	2026-07-billing-visibility-03	Facebook	Visibility Turns Billing Into Action	professional branded social graphic for healthcare operations, clean white background, subtle billing chart elements, blue-green gradient lines, polished admin-tech style, clear centered headline, instagram portrait 4:5, CommunityBridge branding, Midyear Momentum emphasis, headline text Visibility Turns Billing Into Action	When billing details are easier to track, teams can respond faster and plan with more confidence. CommunityBridge helps organizations improve visibility across operational workflows so fewer details get lost. Request a demo to explore smarter coordination. This season is a good time to focus on midyear workflow momentum and steady communication.	#CommunityBridge #BillingVisibility #HealthcareTechnology #ABATherapy #AdminEfficiency #OperationsSupport	2026-07-06	10:00 AM	None	Pending	TRUE
20260706-IG-015	CommunityBridge Annual Growth Campaign 2026-2027	2026-07-billing-visibility-03	Instagram	Visibility Turns Billing Into Action	professional branded social graphic for healthcare operations, clean white background, subtle billing chart elements, blue-green gradient lines, polished admin-tech style, clear centered headline, instagram portrait 4:5, CommunityBridge branding, Midyear Momentum emphasis, headline text Visibility Turns Billing Into Action	More visibility means fewer surprises. CommunityBridge helps teams stay on top of operational details with clearer workflows and stronger follow-through. Request a demo to learn more. This season is all about midyear workflow momentum and steady communication.	#CommunityBridge #BillingVisibility #HealthcareTechnology #ABATherapy #AdminEfficiency #OperationsSupport	2026-07-06	10:00 AM	None	Pending	TRUE
20260708-FB-016	CommunityBridge Annual Growth Campaign 2026-2027	2026-07-reporting-insights-04	Facebook	Reporting Should Support Better Decisions	clean data-informed social graphic, branded healthcare-tech portrait design, subtle report cards and chart accents, calm professional palette, spacious layout, headline prominent and readable, instagram portrait 4:5, CommunityBridge branding, Midyear Momentum emphasis, headline text Reporting Should Support Better Decisions	Good reporting should help teams act, not slow them down. CommunityBridge supports better visibility into the information providers need so decisions can feel more timely, aligned, and practical. Request a demo to see how reporting workflows can work better. This season is a good time to focus on midyear workflow momentum and steady communication.	#CommunityBridge #ReportingInsights #HealthcareWorkflow #ABATherapy #CareCoordination #OperationalClarity	2026-07-08	10:00 AM	None	Pending	TRUE
20260708-IG-016	CommunityBridge Annual Growth Campaign 2026-2027	2026-07-reporting-insights-04	Instagram	Reporting Should Support Better Decisions	clean data-informed social graphic, branded healthcare-tech portrait design, subtle report cards and chart accents, calm professional palette, spacious layout, headline prominent and readable, instagram portrait 4:5, CommunityBridge branding, Midyear Momentum emphasis, headline text Reporting Should Support Better Decisions	Better reporting leads to better next steps. CommunityBridge helps teams turn information into action with more clarity and less guesswork. Request a demo to explore the workflow. This season is all about midyear workflow momentum and steady communication.	#CommunityBridge #ReportingInsights #HealthcareWorkflow #ABATherapy #CareCoordination #OperationalClarity	2026-07-08	10:00 AM	None	Pending	TRUE
20260710-FB-017	CommunityBridge Annual Growth Campaign 2026-2027	2026-07-admin-time-savings-05	Facebook	Save Time Where It Matters Most	static branded promo graphic, calm admin efficiency theme, white background, layered blue and green curves, checklist and workflow icons, modern clean typography, polished and practical, instagram portrait 4:5, CommunityBridge branding, Midyear Momentum emphasis, headline text Save Time Where It Matters Most	When administrative work becomes more manageable, teams get more room to focus on people. CommunityBridge helps organizations simplify coordination and reduce workflow drag across everyday tasks. Request a demo to see how your team could save time. This season is a good time to focus on midyear workflow momentum and steady communication.	#CommunityBridge #AdminEfficiency #CareCoordination #ABATherapy #HealthcareTechnology #TeamSupport	2026-07-10	10:00 AM	None	Pending	TRUE
20260710-IG-017	CommunityBridge Annual Growth Campaign 2026-2027	2026-07-admin-time-savings-05	Instagram	Save Time Where It Matters Most	static branded promo graphic, calm admin efficiency theme, white background, layered blue and green curves, checklist and workflow icons, modern clean typography, polished and practical, instagram portrait 4:5, CommunityBridge branding, Midyear Momentum emphasis, headline text Save Time Where It Matters Most	Less admin friction creates more room for meaningful work. CommunityBridge helps teams streamline the tasks that shape every day. Request a demo to see how it works. This season is all about midyear workflow momentum and steady communication.	#CommunityBridge #AdminEfficiency #CareCoordination #ABATherapy #HealthcareTechnology #TeamSupport	2026-07-10	10:00 AM	None	Pending	TRUE
20260713-FB-018	CommunityBridge Annual Growth Campaign 2026-2027	2026-07-care-team-coordination-06	Facebook	Connected Teams Create Calmer Days	branded care coordination graphic, portrait format, soft blue-green gradients, connected team icons, welcoming healthcare-tech aesthetic, balanced spacing, strong centered headline, instagram portrait 4:5, CommunityBridge branding, Midyear Momentum emphasis, headline text Connected Teams Create Calmer Days	Care feels stronger when teams are aligned. CommunityBridge helps clinicians, administrators, and family-facing staff stay coordinated so important details reach the right people at the right time. Request a demo to explore a more connected approach. This season is a good time to focus on midyear workflow momentum and steady communication.	#CommunityBridge #CareCoordination #ABATherapy #TeamCommunication #HealthcareWorkflow #ProviderSupport	2026-07-13	10:00 AM	None	Pending	TRUE
20260713-IG-018	CommunityBridge Annual Growth Campaign 2026-2027	2026-07-care-team-coordination-06	Instagram	Connected Teams Create Calmer Days	branded care coordination graphic, portrait format, soft blue-green gradients, connected team icons, welcoming healthcare-tech aesthetic, balanced spacing, strong centered headline, instagram portrait 4:5, CommunityBridge branding, Midyear Momentum emphasis, headline text Connected Teams Create Calmer Days	Connected teams can support families with more consistency and less stress. CommunityBridge helps bring the right people and information together. Request a demo to learn more. This season is all about midyear workflow momentum and steady communication.	#CommunityBridge #CareCoordination #ABATherapy #TeamCommunication #HealthcareWorkflow #ProviderSupport	2026-07-13	10:00 AM	None	Pending	TRUE
20260715-FB-019	CommunityBridge Annual Growth Campaign 2026-2027	2026-07-parent-trust-07	Facebook	Trust Grows Through Clear Communication	supportive branded social graphic, family trust theme, clean portrait layout, soft green and blue arcs, subtle family silhouettes or icons, modern calming typography, instagram portrait 4:5, CommunityBridge branding, Midyear Momentum emphasis, headline text Trust Grows Through Clear Communication	Trust is built through steady communication, clear expectations, and reliable follow-through. CommunityBridge helps organizations create a more supportive experience for families through stronger coordination. Request a demo to see how the platform supports trust at scale. This season is a good time to focus on midyear workflow momentum and steady communication.	#CommunityBridge #ParentTrust #FamilySupport #ABATherapy #CareTeams #HealthcareTechnology	2026-07-15	10:00 AM	None	Pending	TRUE
20260715-IG-019	CommunityBridge Annual Growth Campaign 2026-2027	2026-07-parent-trust-07	Instagram	Trust Grows Through Clear Communication	supportive branded social graphic, family trust theme, clean portrait layout, soft green and blue arcs, subtle family silhouettes or icons, modern calming typography, instagram portrait 4:5, CommunityBridge branding, Midyear Momentum emphasis, headline text Trust Grows Through Clear Communication	Trust grows when families feel informed and supported. CommunityBridge helps teams create a clearer experience from day to day. Request a demo to see how. This season is all about midyear workflow momentum and steady communication.	#CommunityBridge #ParentTrust #FamilySupport #ABATherapy #CareTeams #HealthcareTechnology	2026-07-15	10:00 AM	None	Pending	TRUE
20260717-FB-020	CommunityBridge Annual Growth Campaign 2026-2027	2026-07-provider-growth-08	Facebook	Growth Needs Systems That Scale	professional growth-focused healthcare graphic, clean white field, subtle upward motion elements, dashboard and team icons, blue-green brand accents, modern polished portrait composition, instagram portrait 4:5, CommunityBridge branding, Midyear Momentum emphasis, headline text Growth Needs Systems That Scale	As organizations grow, the need for consistent systems grows with them. CommunityBridge helps providers support expansion without losing visibility, communication, or operational confidence. Request a demo to explore scalable coordination. This season is a good time to focus on midyear workflow momentum and steady communication.	#CommunityBridge #ProviderGrowth #ABATherapy #HealthcareOperations #ScalableSystems #ClinicLeadership	2026-07-17	10:00 AM	None	Pending	TRUE
20260717-IG-020	CommunityBridge Annual Growth Campaign 2026-2027	2026-07-provider-growth-08	Instagram	Growth Needs Systems That Scale	professional growth-focused healthcare graphic, clean white field, subtle upward motion elements, dashboard and team icons, blue-green brand accents, modern polished portrait composition, instagram portrait 4:5, CommunityBridge branding, Midyear Momentum emphasis, headline text Growth Needs Systems That Scale	Growth works better when the system behind it can scale. CommunityBridge helps providers build with more visibility and confidence. Request a demo to learn more. This season is all about midyear workflow momentum and steady communication.	#CommunityBridge #ProviderGrowth #ABATherapy #HealthcareOperations #ScalableSystems #ClinicLeadership	2026-07-17	10:00 AM	None	Pending	TRUE
20260720-FB-021	CommunityBridge Annual Growth Campaign 2026-2027	2026-07-operational-clarity-09	Facebook	Operational Clarity Changes Everything	minimal branded operations graphic, portrait static design, crisp typography, subtle workflow layers and directional lines, clean healthcare-tech atmosphere, blue and green highlight accents, instagram portrait 4:5, CommunityBridge branding, Midyear Momentum emphasis, headline text Operational Clarity Changes Everything	Operational clarity helps teams move faster with less confusion. CommunityBridge brings key workflows into one connected experience so providers can support staff and families more effectively. Request a demo to see how clearer operations can improve the day. This season is a good time to focus on midyear workflow momentum and steady communication.	#CommunityBridge #OperationalClarity #ClinicOperations #ABATherapy #WorkflowSupport #HealthcareTechnology	2026-07-20	10:00 AM	None	Pending	TRUE
20260720-IG-021	CommunityBridge Annual Growth Campaign 2026-2027	2026-07-operational-clarity-09	Instagram	Operational Clarity Changes Everything	minimal branded operations graphic, portrait static design, crisp typography, subtle workflow layers and directional lines, clean healthcare-tech atmosphere, blue and green highlight accents, instagram portrait 4:5, CommunityBridge branding, Midyear Momentum emphasis, headline text Operational Clarity Changes Everything	Clarity creates momentum. CommunityBridge helps teams simplify operations so the day can run with more confidence. Request a demo to explore the platform. This season is all about midyear workflow momentum and steady communication.	#CommunityBridge #OperationalClarity #ClinicOperations #ABATherapy #WorkflowSupport #HealthcareTechnology	2026-07-20	10:00 AM	None	Pending	TRUE
20260722-FB-022	CommunityBridge Annual Growth Campaign 2026-2027	2026-07-faq-education-10	Facebook	Better Questions Lead To Better Workflows	educational branded social graphic, portrait layout, FAQ card motif, calm healthcare-tech palette, clean whitespace, modern headline and subtle icon accents, instagram portrait 4:5, CommunityBridge branding, Midyear Momentum emphasis, headline text Better Questions Lead To Better Workflows	Sometimes the best workflow improvements start with the right questions. CommunityBridge helps organizations simplify the systems behind communication, scheduling, and day-to-day coordination. Request a demo to see what a more connected workflow could look like. This season is a good time to focus on midyear workflow momentum and steady communication.	#CommunityBridge #ABAEducation #HealthcareWorkflow #ABATherapy #OperationsSupport #ProviderTools	2026-07-22	10:00 AM	None	Pending	TRUE
20260722-IG-022	CommunityBridge Annual Growth Campaign 2026-2027	2026-07-faq-education-10	Instagram	Better Questions Lead To Better Workflows	educational branded social graphic, portrait layout, FAQ card motif, calm healthcare-tech palette, clean whitespace, modern headline and subtle icon accents, instagram portrait 4:5, CommunityBridge branding, Midyear Momentum emphasis, headline text Better Questions Lead To Better Workflows	Good questions often lead to stronger systems. CommunityBridge helps teams simplify everyday coordination with tools built for clarity. Request a demo to learn more. This season is all about midyear workflow momentum and steady communication.	#CommunityBridge #ABAEducation #HealthcareWorkflow #ABATherapy #OperationsSupport #ProviderTools	2026-07-22	10:00 AM	None	Pending	TRUE
20260724-FB-023	CommunityBridge Annual Growth Campaign 2026-2027	2026-07-demo-cta-11	Facebook	See CommunityBridge In Action	branded promotional static graphic, clean modern healthcare-tech style, subtle app interface cards, green call-to-action accent, white and slate composition, confident headline area, instagram portrait 4:5, CommunityBridge branding, Midyear Momentum emphasis, headline text See CommunityBridge In Action	The best way to understand a stronger workflow is to see it in action. CommunityBridge helps organizations simplify communication, scheduling, coordination, and operational visibility in one connected platform. Request a demo to explore how it could support your team. This season is a good time to focus on midyear workflow momentum and steady communication.	#CommunityBridge #RequestADemo #ABATherapy #HealthcareTechnology #CareCoordination #ClinicOperations	2026-07-24	10:00 AM	None	Pending	TRUE
20260724-IG-023	CommunityBridge Annual Growth Campaign 2026-2027	2026-07-demo-cta-11	Instagram	See CommunityBridge In Action	branded promotional static graphic, clean modern healthcare-tech style, subtle app interface cards, green call-to-action accent, white and slate composition, confident headline area, instagram portrait 4:5, CommunityBridge branding, Midyear Momentum emphasis, headline text See CommunityBridge In Action	Want to see how a more connected care workflow could look for your team. Request a demo and explore CommunityBridge in action. This season is all about midyear workflow momentum and steady communication.	#CommunityBridge #RequestADemo #ABATherapy #HealthcareTechnology #CareCoordination #ClinicOperations	2026-07-24	10:00 AM	None	Pending	TRUE
20260727-FB-024	CommunityBridge Annual Growth Campaign 2026-2027	2026-07-role-based-dashboards-12	Facebook	Clear Roles Create Better Care Days	clean branded healthcare-tech social graphic, white and slate background with subtle blue-green gradient accents, calm modern layout, abstract connected nodes and dashboard cards, headline centered, CommunityBridge brand feel, instagram portrait 4:5, CommunityBridge branding, Midyear Momentum emphasis, headline text Clear Roles Create Better Care Days	When every role can see what matters most, daily operations get easier to manage. CommunityBridge helps teams reduce confusion, support consistent communication, and keep care moving forward with more clarity. Request a demo to see how a more connected workflow can support your organization. This season is a good time to focus on midyear workflow momentum and steady communication.	#CommunityBridge #ABATherapy #CareCoordination #HealthcareTechnology #BCBA #ClinicOperations	2026-07-27	10:00 AM	None	Pending	TRUE
20260727-IG-024	CommunityBridge Annual Growth Campaign 2026-2027	2026-07-role-based-dashboards-12	Instagram	Clear Roles Create Better Care Days	clean branded healthcare-tech social graphic, white and slate background with subtle blue-green gradient accents, calm modern layout, abstract connected nodes and dashboard cards, headline centered, CommunityBridge brand feel, instagram portrait 4:5, CommunityBridge branding, Midyear Momentum emphasis, headline text Clear Roles Create Better Care Days	Clear roles make busy care days feel more manageable. CommunityBridge helps teams stay connected, informed, and ready to support families with more confidence. Request a demo to see the workflow in action. This season is all about midyear workflow momentum and steady communication.	#CommunityBridge #ABATherapy #CareCoordination #HealthcareTechnology #BCBA #ClinicOperations	2026-07-27	10:00 AM	None	Pending	TRUE
20260803-FB-025	CommunityBridge Annual Growth Campaign 2026-2027	2026-08-scheduling-efficiency-01	Facebook	Better Schedules Support Better Days	branded instagram portrait graphic, operational healthcare layout, minimal calendar grid elements, soft green highlight, navy and slate accents, clean modern headline space, organized and efficient visual tone, instagram portrait 4:5, CommunityBridge branding, Back to School emphasis, headline text Better Schedules Support Better Days	Scheduling is more than filling a calendar. CommunityBridge helps providers coordinate staff, reduce friction, and create smoother days for clinicians, office teams, and families alike. Request a demo to see a more efficient scheduling workflow. This season is a good time to focus on back-to-school transitions and family readiness.	#CommunityBridge #SchedulingEfficiency #ABATherapy #ClinicOperations #CareCoordination #WorkflowTools	2026-08-03	10:00 AM	None	Pending	TRUE
20260803-IG-025	CommunityBridge Annual Growth Campaign 2026-2027	2026-08-scheduling-efficiency-01	Instagram	Better Schedules Support Better Days	branded instagram portrait graphic, operational healthcare layout, minimal calendar grid elements, soft green highlight, navy and slate accents, clean modern headline space, organized and efficient visual tone, instagram portrait 4:5, CommunityBridge branding, Back to School emphasis, headline text Better Schedules Support Better Days	A stronger schedule helps everyone move with less friction. CommunityBridge supports clearer planning, smoother handoffs, and better daily coordination. Request a demo to see the difference. This season is all about back-to-school transitions and family readiness.	#CommunityBridge #SchedulingEfficiency #ABATherapy #ClinicOperations #CareCoordination #WorkflowTools	2026-08-03	10:00 AM	None	Pending	TRUE
20260805-FB-026	CommunityBridge Annual Growth Campaign 2026-2027	2026-08-billing-visibility-02	Facebook	Visibility Turns Billing Into Action	professional branded social graphic for healthcare operations, clean white background, subtle billing chart elements, blue-green gradient lines, polished admin-tech style, clear centered headline, instagram portrait 4:5, CommunityBridge branding, Back to School emphasis, headline text Visibility Turns Billing Into Action	When billing details are easier to track, teams can respond faster and plan with more confidence. CommunityBridge helps organizations improve visibility across operational workflows so fewer details get lost. Request a demo to explore smarter coordination. This season is a good time to focus on back-to-school transitions and family readiness.	#CommunityBridge #BillingVisibility #HealthcareTechnology #ABATherapy #AdminEfficiency #OperationsSupport	2026-08-05	10:00 AM	None	Pending	TRUE
20260805-IG-026	CommunityBridge Annual Growth Campaign 2026-2027	2026-08-billing-visibility-02	Instagram	Visibility Turns Billing Into Action	professional branded social graphic for healthcare operations, clean white background, subtle billing chart elements, blue-green gradient lines, polished admin-tech style, clear centered headline, instagram portrait 4:5, CommunityBridge branding, Back to School emphasis, headline text Visibility Turns Billing Into Action	More visibility means fewer surprises. CommunityBridge helps teams stay on top of operational details with clearer workflows and stronger follow-through. Request a demo to learn more. This season is all about back-to-school transitions and family readiness.	#CommunityBridge #BillingVisibility #HealthcareTechnology #ABATherapy #AdminEfficiency #OperationsSupport	2026-08-05	10:00 AM	None	Pending	TRUE
20260807-FB-027	CommunityBridge Annual Growth Campaign 2026-2027	2026-08-reporting-insights-03	Facebook	Reporting Should Support Better Decisions	clean data-informed social graphic, branded healthcare-tech portrait design, subtle report cards and chart accents, calm professional palette, spacious layout, headline prominent and readable, instagram portrait 4:5, CommunityBridge branding, Back to School emphasis, headline text Reporting Should Support Better Decisions	Good reporting should help teams act, not slow them down. CommunityBridge supports better visibility into the information providers need so decisions can feel more timely, aligned, and practical. Request a demo to see how reporting workflows can work better. This season is a good time to focus on back-to-school transitions and family readiness.	#CommunityBridge #ReportingInsights #HealthcareWorkflow #ABATherapy #CareCoordination #OperationalClarity	2026-08-07	10:00 AM	None	Pending	TRUE
20260807-IG-027	CommunityBridge Annual Growth Campaign 2026-2027	2026-08-reporting-insights-03	Instagram	Reporting Should Support Better Decisions	clean data-informed social graphic, branded healthcare-tech portrait design, subtle report cards and chart accents, calm professional palette, spacious layout, headline prominent and readable, instagram portrait 4:5, CommunityBridge branding, Back to School emphasis, headline text Reporting Should Support Better Decisions	Better reporting leads to better next steps. CommunityBridge helps teams turn information into action with more clarity and less guesswork. Request a demo to explore the workflow. This season is all about back-to-school transitions and family readiness.	#CommunityBridge #ReportingInsights #HealthcareWorkflow #ABATherapy #CareCoordination #OperationalClarity	2026-08-07	10:00 AM	None	Pending	TRUE
20260810-FB-028	CommunityBridge Annual Growth Campaign 2026-2027	2026-08-admin-time-savings-04	Facebook	Save Time Where It Matters Most	static branded promo graphic, calm admin efficiency theme, white background, layered blue and green curves, checklist and workflow icons, modern clean typography, polished and practical, instagram portrait 4:5, CommunityBridge branding, Back to School emphasis, headline text Save Time Where It Matters Most	When administrative work becomes more manageable, teams get more room to focus on people. CommunityBridge helps organizations simplify coordination and reduce workflow drag across everyday tasks. Request a demo to see how your team could save time. This season is a good time to focus on back-to-school transitions and family readiness.	#CommunityBridge #AdminEfficiency #CareCoordination #ABATherapy #HealthcareTechnology #TeamSupport	2026-08-10	10:00 AM	None	Pending	TRUE
20260810-IG-028	CommunityBridge Annual Growth Campaign 2026-2027	2026-08-admin-time-savings-04	Instagram	Save Time Where It Matters Most	static branded promo graphic, calm admin efficiency theme, white background, layered blue and green curves, checklist and workflow icons, modern clean typography, polished and practical, instagram portrait 4:5, CommunityBridge branding, Back to School emphasis, headline text Save Time Where It Matters Most	Less admin friction creates more room for meaningful work. CommunityBridge helps teams streamline the tasks that shape every day. Request a demo to see how it works. This season is all about back-to-school transitions and family readiness.	#CommunityBridge #AdminEfficiency #CareCoordination #ABATherapy #HealthcareTechnology #TeamSupport	2026-08-10	10:00 AM	None	Pending	TRUE
20260812-FB-029	CommunityBridge Annual Growth Campaign 2026-2027	2026-08-care-team-coordination-05	Facebook	Transitions Work Better With Clarity	branded care coordination graphic, portrait format, soft blue-green gradients, connected team icons, welcoming healthcare-tech aesthetic, balanced spacing, strong centered headline, instagram portrait 4:5, CommunityBridge branding, Back to School emphasis, headline text Transitions Work Better With Clarity	Back-to-school season can bring extra moving parts for providers and families. CommunityBridge helps teams manage transitions with clearer communication, better scheduling visibility, and more confident follow-through. Request a demo to learn more.	#CommunityBridge #CareCoordination #ABATherapy #TeamCommunication #HealthcareWorkflow #ProviderSupport #BackToSchool #FamilyReadiness	2026-08-12	10:00 AM	Back to School	Pending	TRUE
20260812-IG-029	CommunityBridge Annual Growth Campaign 2026-2027	2026-08-care-team-coordination-05	Instagram	Transitions Work Better With Clarity	branded care coordination graphic, portrait format, soft blue-green gradients, connected team icons, welcoming healthcare-tech aesthetic, balanced spacing, strong centered headline, instagram portrait 4:5, CommunityBridge branding, Back to School emphasis, headline text Transitions Work Better With Clarity	Back-to-school transitions work better when communication stays clear. CommunityBridge helps teams support families with steadier coordination. Request a demo to explore the workflow.	#CommunityBridge #CareCoordination #ABATherapy #TeamCommunication #HealthcareWorkflow #ProviderSupport #BackToSchool #FamilyReadiness	2026-08-12	10:00 AM	Back to School	Pending	TRUE
20260814-FB-030	CommunityBridge Annual Growth Campaign 2026-2027	2026-08-parent-trust-06	Facebook	Transitions Work Better With Clarity	supportive branded social graphic, family trust theme, clean portrait layout, soft green and blue arcs, subtle family silhouettes or icons, modern calming typography, instagram portrait 4:5, CommunityBridge branding, Back to School emphasis, headline text Transitions Work Better With Clarity	Back-to-school season can bring extra moving parts for providers and families. CommunityBridge helps teams manage transitions with clearer communication, better scheduling visibility, and more confident follow-through. Request a demo to learn more.	#CommunityBridge #ParentTrust #FamilySupport #ABATherapy #CareTeams #HealthcareTechnology #BackToSchool #FamilyReadiness	2026-08-14	10:00 AM	Back to School	Pending	TRUE
20260814-IG-030	CommunityBridge Annual Growth Campaign 2026-2027	2026-08-parent-trust-06	Instagram	Transitions Work Better With Clarity	supportive branded social graphic, family trust theme, clean portrait layout, soft green and blue arcs, subtle family silhouettes or icons, modern calming typography, instagram portrait 4:5, CommunityBridge branding, Back to School emphasis, headline text Transitions Work Better With Clarity	Back-to-school transitions work better when communication stays clear. CommunityBridge helps teams support families with steadier coordination. Request a demo to explore the workflow.	#CommunityBridge #ParentTrust #FamilySupport #ABATherapy #CareTeams #HealthcareTechnology #BackToSchool #FamilyReadiness	2026-08-14	10:00 AM	Back to School	Pending	TRUE
20260817-FB-031	CommunityBridge Annual Growth Campaign 2026-2027	2026-08-provider-growth-07	Facebook	Transitions Work Better With Clarity	professional growth-focused healthcare graphic, clean white field, subtle upward motion elements, dashboard and team icons, blue-green brand accents, modern polished portrait composition, instagram portrait 4:5, CommunityBridge branding, Back to School emphasis, headline text Transitions Work Better With Clarity	Back-to-school season can bring extra moving parts for providers and families. CommunityBridge helps teams manage transitions with clearer communication, better scheduling visibility, and more confident follow-through. Request a demo to learn more.	#CommunityBridge #ProviderGrowth #ABATherapy #HealthcareOperations #ScalableSystems #ClinicLeadership #BackToSchool #FamilyReadiness	2026-08-17	10:00 AM	Back to School	Pending	TRUE
20260817-IG-031	CommunityBridge Annual Growth Campaign 2026-2027	2026-08-provider-growth-07	Instagram	Transitions Work Better With Clarity	professional growth-focused healthcare graphic, clean white field, subtle upward motion elements, dashboard and team icons, blue-green brand accents, modern polished portrait composition, instagram portrait 4:5, CommunityBridge branding, Back to School emphasis, headline text Transitions Work Better With Clarity	Back-to-school transitions work better when communication stays clear. CommunityBridge helps teams support families with steadier coordination. Request a demo to explore the workflow.	#CommunityBridge #ProviderGrowth #ABATherapy #HealthcareOperations #ScalableSystems #ClinicLeadership #BackToSchool #FamilyReadiness	2026-08-17	10:00 AM	Back to School	Pending	TRUE
20260819-FB-032	CommunityBridge Annual Growth Campaign 2026-2027	2026-08-operational-clarity-08	Facebook	Transitions Work Better With Clarity	minimal branded operations graphic, portrait static design, crisp typography, subtle workflow layers and directional lines, clean healthcare-tech atmosphere, blue and green highlight accents, instagram portrait 4:5, CommunityBridge branding, Back to School emphasis, headline text Transitions Work Better With Clarity	Back-to-school season can bring extra moving parts for providers and families. CommunityBridge helps teams manage transitions with clearer communication, better scheduling visibility, and more confident follow-through. Request a demo to learn more.	#CommunityBridge #OperationalClarity #ClinicOperations #ABATherapy #WorkflowSupport #HealthcareTechnology #BackToSchool #FamilyReadiness	2026-08-19	10:00 AM	Back to School	Pending	TRUE
20260819-IG-032	CommunityBridge Annual Growth Campaign 2026-2027	2026-08-operational-clarity-08	Instagram	Transitions Work Better With Clarity	minimal branded operations graphic, portrait static design, crisp typography, subtle workflow layers and directional lines, clean healthcare-tech atmosphere, blue and green highlight accents, instagram portrait 4:5, CommunityBridge branding, Back to School emphasis, headline text Transitions Work Better With Clarity	Back-to-school transitions work better when communication stays clear. CommunityBridge helps teams support families with steadier coordination. Request a demo to explore the workflow.	#CommunityBridge #OperationalClarity #ClinicOperations #ABATherapy #WorkflowSupport #HealthcareTechnology #BackToSchool #FamilyReadiness	2026-08-19	10:00 AM	Back to School	Pending	TRUE
20260821-FB-033	CommunityBridge Annual Growth Campaign 2026-2027	2026-08-faq-education-09	Facebook	Better Questions Lead To Better Workflows	educational branded social graphic, portrait layout, FAQ card motif, calm healthcare-tech palette, clean whitespace, modern headline and subtle icon accents, instagram portrait 4:5, CommunityBridge branding, Back to School emphasis, headline text Better Questions Lead To Better Workflows	Sometimes the best workflow improvements start with the right questions. CommunityBridge helps organizations simplify the systems behind communication, scheduling, and day-to-day coordination. Request a demo to see what a more connected workflow could look like. This season is a good time to focus on back-to-school transitions and family readiness.	#CommunityBridge #ABAEducation #HealthcareWorkflow #ABATherapy #OperationsSupport #ProviderTools	2026-08-21	10:00 AM	None	Pending	TRUE
20260821-IG-033	CommunityBridge Annual Growth Campaign 2026-2027	2026-08-faq-education-09	Instagram	Better Questions Lead To Better Workflows	educational branded social graphic, portrait layout, FAQ card motif, calm healthcare-tech palette, clean whitespace, modern headline and subtle icon accents, instagram portrait 4:5, CommunityBridge branding, Back to School emphasis, headline text Better Questions Lead To Better Workflows	Good questions often lead to stronger systems. CommunityBridge helps teams simplify everyday coordination with tools built for clarity. Request a demo to learn more. This season is all about back-to-school transitions and family readiness.	#CommunityBridge #ABAEducation #HealthcareWorkflow #ABATherapy #OperationsSupport #ProviderTools	2026-08-21	10:00 AM	None	Pending	TRUE
20260824-FB-034	CommunityBridge Annual Growth Campaign 2026-2027	2026-08-demo-cta-10	Facebook	See CommunityBridge In Action	branded promotional static graphic, clean modern healthcare-tech style, subtle app interface cards, green call-to-action accent, white and slate composition, confident headline area, instagram portrait 4:5, CommunityBridge branding, Back to School emphasis, headline text See CommunityBridge In Action	The best way to understand a stronger workflow is to see it in action. CommunityBridge helps organizations simplify communication, scheduling, coordination, and operational visibility in one connected platform. Request a demo to explore how it could support your team. This season is a good time to focus on back-to-school transitions and family readiness.	#CommunityBridge #RequestADemo #ABATherapy #HealthcareTechnology #CareCoordination #ClinicOperations	2026-08-24	10:00 AM	None	Pending	TRUE
20260824-IG-034	CommunityBridge Annual Growth Campaign 2026-2027	2026-08-demo-cta-10	Instagram	See CommunityBridge In Action	branded promotional static graphic, clean modern healthcare-tech style, subtle app interface cards, green call-to-action accent, white and slate composition, confident headline area, instagram portrait 4:5, CommunityBridge branding, Back to School emphasis, headline text See CommunityBridge In Action	Want to see how a more connected care workflow could look for your team. Request a demo and explore CommunityBridge in action. This season is all about back-to-school transitions and family readiness.	#CommunityBridge #RequestADemo #ABATherapy #HealthcareTechnology #CareCoordination #ClinicOperations	2026-08-24	10:00 AM	None	Pending	TRUE
20260826-FB-035	CommunityBridge Annual Growth Campaign 2026-2027	2026-08-role-based-dashboards-11	Facebook	Clear Roles Create Better Care Days	clean branded healthcare-tech social graphic, white and slate background with subtle blue-green gradient accents, calm modern layout, abstract connected nodes and dashboard cards, headline centered, CommunityBridge brand feel, instagram portrait 4:5, CommunityBridge branding, Back to School emphasis, headline text Clear Roles Create Better Care Days	When every role can see what matters most, daily operations get easier to manage. CommunityBridge helps teams reduce confusion, support consistent communication, and keep care moving forward with more clarity. Request a demo to see how a more connected workflow can support your organization. This season is a good time to focus on back-to-school transitions and family readiness.	#CommunityBridge #ABATherapy #CareCoordination #HealthcareTechnology #BCBA #ClinicOperations	2026-08-26	10:00 AM	None	Pending	TRUE
20260826-IG-035	CommunityBridge Annual Growth Campaign 2026-2027	2026-08-role-based-dashboards-11	Instagram	Clear Roles Create Better Care Days	clean branded healthcare-tech social graphic, white and slate background with subtle blue-green gradient accents, calm modern layout, abstract connected nodes and dashboard cards, headline centered, CommunityBridge brand feel, instagram portrait 4:5, CommunityBridge branding, Back to School emphasis, headline text Clear Roles Create Better Care Days	Clear roles make busy care days feel more manageable. CommunityBridge helps teams stay connected, informed, and ready to support families with more confidence. Request a demo to see the workflow in action. This season is all about back-to-school transitions and family readiness.	#CommunityBridge #ABATherapy #CareCoordination #HealthcareTechnology #BCBA #ClinicOperations	2026-08-26	10:00 AM	None	Pending	TRUE
20260828-FB-036	CommunityBridge Annual Growth Campaign 2026-2027	2026-08-family-communication-12	Facebook	Family Communication Should Feel Simple	static branded portrait social graphic, supportive healthcare-tech style, soft green and blue accents, clean whitespace, subtle message bubbles and family-care icons, modern sans serif typography, calm reassuring composition, instagram portrait 4:5, CommunityBridge branding, Back to School emphasis, headline text Family Communication Should Feel Simple	Families should not have to guess what comes next. CommunityBridge helps care teams share timely updates, reduce back-and-forth, and create a more confident experience for parents and caregivers. Request a demo to explore a simpler communication workflow. This season is a good time to focus on back-to-school transitions and family readiness.	#CommunityBridge #FamilyCommunication #ABATherapy #CareTeams #ParentSupport #HealthcareWorkflow	2026-08-28	10:00 AM	None	Pending	TRUE
20260828-IG-036	CommunityBridge Annual Growth Campaign 2026-2027	2026-08-family-communication-12	Instagram	Family Communication Should Feel Simple	static branded portrait social graphic, supportive healthcare-tech style, soft green and blue accents, clean whitespace, subtle message bubbles and family-care icons, modern sans serif typography, calm reassuring composition, instagram portrait 4:5, CommunityBridge branding, Back to School emphasis, headline text Family Communication Should Feel Simple	Better family communication starts with clearer systems behind the scenes. CommunityBridge helps providers keep updates timely, simple, and easier for families to trust. Request a demo to learn more. This season is all about back-to-school transitions and family readiness.	#CommunityBridge #FamilyCommunication #ABATherapy #CareTeams #ParentSupport #HealthcareWorkflow	2026-08-28	10:00 AM	None	Pending	TRUE
20260902-FB-037	CommunityBridge Annual Growth Campaign 2026-2027	2026-09-billing-visibility-01	Facebook	Visibility Turns Billing Into Action	professional branded social graphic for healthcare operations, clean white background, subtle billing chart elements, blue-green gradient lines, polished admin-tech style, clear centered headline, instagram portrait 4:5, CommunityBridge branding, Fall Stability emphasis, headline text Visibility Turns Billing Into Action	When billing details are easier to track, teams can respond faster and plan with more confidence. CommunityBridge helps organizations improve visibility across operational workflows so fewer details get lost. Request a demo to explore smarter coordination. This season is a good time to focus on fall planning and operational consistency.	#CommunityBridge #BillingVisibility #HealthcareTechnology #ABATherapy #AdminEfficiency #OperationsSupport	2026-09-02	10:00 AM	None	Pending	TRUE
20260902-IG-037	CommunityBridge Annual Growth Campaign 2026-2027	2026-09-billing-visibility-01	Instagram	Visibility Turns Billing Into Action	professional branded social graphic for healthcare operations, clean white background, subtle billing chart elements, blue-green gradient lines, polished admin-tech style, clear centered headline, instagram portrait 4:5, CommunityBridge branding, Fall Stability emphasis, headline text Visibility Turns Billing Into Action	More visibility means fewer surprises. CommunityBridge helps teams stay on top of operational details with clearer workflows and stronger follow-through. Request a demo to learn more. This season is all about fall planning and operational consistency.	#CommunityBridge #BillingVisibility #HealthcareTechnology #ABATherapy #AdminEfficiency #OperationsSupport	2026-09-02	10:00 AM	None	Pending	TRUE
20260904-FB-038	CommunityBridge Annual Growth Campaign 2026-2027	2026-09-reporting-insights-02	Facebook	Reporting Should Support Better Decisions	clean data-informed social graphic, branded healthcare-tech portrait design, subtle report cards and chart accents, calm professional palette, spacious layout, headline prominent and readable, instagram portrait 4:5, CommunityBridge branding, Fall Stability emphasis, headline text Reporting Should Support Better Decisions	Good reporting should help teams act, not slow them down. CommunityBridge supports better visibility into the information providers need so decisions can feel more timely, aligned, and practical. Request a demo to see how reporting workflows can work better. This season is a good time to focus on fall planning and operational consistency.	#CommunityBridge #ReportingInsights #HealthcareWorkflow #ABATherapy #CareCoordination #OperationalClarity	2026-09-04	10:00 AM	None	Pending	TRUE
20260904-IG-038	CommunityBridge Annual Growth Campaign 2026-2027	2026-09-reporting-insights-02	Instagram	Reporting Should Support Better Decisions	clean data-informed social graphic, branded healthcare-tech portrait design, subtle report cards and chart accents, calm professional palette, spacious layout, headline prominent and readable, instagram portrait 4:5, CommunityBridge branding, Fall Stability emphasis, headline text Reporting Should Support Better Decisions	Better reporting leads to better next steps. CommunityBridge helps teams turn information into action with more clarity and less guesswork. Request a demo to explore the workflow. This season is all about fall planning and operational consistency.	#CommunityBridge #ReportingInsights #HealthcareWorkflow #ABATherapy #CareCoordination #OperationalClarity	2026-09-04	10:00 AM	None	Pending	TRUE
20260907-FB-039	CommunityBridge Annual Growth Campaign 2026-2027	2026-09-admin-time-savings-03	Facebook	Support The Teams Behind Care	static branded promo graphic, calm admin efficiency theme, white background, layered blue and green curves, checklist and workflow icons, modern clean typography, polished and practical, instagram portrait 4:5, CommunityBridge branding, Fall Stability emphasis, headline text Support The Teams Behind Care	The work behind quality care depends on teams having the support they need. CommunityBridge helps organizations create workflows that reduce friction and help staff stay informed, coordinated, and better equipped each day. Request a demo to see more.	#CommunityBridge #AdminEfficiency #CareCoordination #ABATherapy #HealthcareTechnology #TeamSupport #LaborDay #TeamSupport	2026-09-07	10:00 AM	Labor Day	Pending	TRUE
20260907-IG-039	CommunityBridge Annual Growth Campaign 2026-2027	2026-09-admin-time-savings-03	Instagram	Support The Teams Behind Care	static branded promo graphic, calm admin efficiency theme, white background, layered blue and green curves, checklist and workflow icons, modern clean typography, polished and practical, instagram portrait 4:5, CommunityBridge branding, Fall Stability emphasis, headline text Support The Teams Behind Care	Strong care teams deserve strong systems behind them. CommunityBridge helps reduce workflow friction so teams can focus on what matters. Request a demo to learn more.	#CommunityBridge #AdminEfficiency #CareCoordination #ABATherapy #HealthcareTechnology #TeamSupport #LaborDay #TeamSupport	2026-09-07	10:00 AM	Labor Day	Pending	TRUE
20260909-FB-040	CommunityBridge Annual Growth Campaign 2026-2027	2026-09-care-team-coordination-04	Facebook	Connected Teams Create Calmer Days	branded care coordination graphic, portrait format, soft blue-green gradients, connected team icons, welcoming healthcare-tech aesthetic, balanced spacing, strong centered headline, instagram portrait 4:5, CommunityBridge branding, Fall Stability emphasis, headline text Connected Teams Create Calmer Days	Care feels stronger when teams are aligned. CommunityBridge helps clinicians, administrators, and family-facing staff stay coordinated so important details reach the right people at the right time. Request a demo to explore a more connected approach. This season is a good time to focus on fall planning and operational consistency.	#CommunityBridge #CareCoordination #ABATherapy #TeamCommunication #HealthcareWorkflow #ProviderSupport	2026-09-09	10:00 AM	None	Pending	TRUE
20260909-IG-040	CommunityBridge Annual Growth Campaign 2026-2027	2026-09-care-team-coordination-04	Instagram	Connected Teams Create Calmer Days	branded care coordination graphic, portrait format, soft blue-green gradients, connected team icons, welcoming healthcare-tech aesthetic, balanced spacing, strong centered headline, instagram portrait 4:5, CommunityBridge branding, Fall Stability emphasis, headline text Connected Teams Create Calmer Days	Connected teams can support families with more consistency and less stress. CommunityBridge helps bring the right people and information together. Request a demo to learn more. This season is all about fall planning and operational consistency.	#CommunityBridge #CareCoordination #ABATherapy #TeamCommunication #HealthcareWorkflow #ProviderSupport	2026-09-09	10:00 AM	None	Pending	TRUE
20260911-FB-041	CommunityBridge Annual Growth Campaign 2026-2027	2026-09-parent-trust-05	Facebook	Trust Grows Through Clear Communication	supportive branded social graphic, family trust theme, clean portrait layout, soft green and blue arcs, subtle family silhouettes or icons, modern calming typography, instagram portrait 4:5, CommunityBridge branding, Fall Stability emphasis, headline text Trust Grows Through Clear Communication	Trust is built through steady communication, clear expectations, and reliable follow-through. CommunityBridge helps organizations create a more supportive experience for families through stronger coordination. Request a demo to see how the platform supports trust at scale. This season is a good time to focus on fall planning and operational consistency.	#CommunityBridge #ParentTrust #FamilySupport #ABATherapy #CareTeams #HealthcareTechnology	2026-09-11	10:00 AM	None	Pending	TRUE
20260911-IG-041	CommunityBridge Annual Growth Campaign 2026-2027	2026-09-parent-trust-05	Instagram	Trust Grows Through Clear Communication	supportive branded social graphic, family trust theme, clean portrait layout, soft green and blue arcs, subtle family silhouettes or icons, modern calming typography, instagram portrait 4:5, CommunityBridge branding, Fall Stability emphasis, headline text Trust Grows Through Clear Communication	Trust grows when families feel informed and supported. CommunityBridge helps teams create a clearer experience from day to day. Request a demo to see how. This season is all about fall planning and operational consistency.	#CommunityBridge #ParentTrust #FamilySupport #ABATherapy #CareTeams #HealthcareTechnology	2026-09-11	10:00 AM	None	Pending	TRUE
20260914-FB-042	CommunityBridge Annual Growth Campaign 2026-2027	2026-09-provider-growth-06	Facebook	Growth Needs Systems That Scale	professional growth-focused healthcare graphic, clean white field, subtle upward motion elements, dashboard and team icons, blue-green brand accents, modern polished portrait composition, instagram portrait 4:5, CommunityBridge branding, Fall Stability emphasis, headline text Growth Needs Systems That Scale	As organizations grow, the need for consistent systems grows with them. CommunityBridge helps providers support expansion without losing visibility, communication, or operational confidence. Request a demo to explore scalable coordination. This season is a good time to focus on fall planning and operational consistency.	#CommunityBridge #ProviderGrowth #ABATherapy #HealthcareOperations #ScalableSystems #ClinicLeadership	2026-09-14	10:00 AM	None	Pending	TRUE
20260914-IG-042	CommunityBridge Annual Growth Campaign 2026-2027	2026-09-provider-growth-06	Instagram	Growth Needs Systems That Scale	professional growth-focused healthcare graphic, clean white field, subtle upward motion elements, dashboard and team icons, blue-green brand accents, modern polished portrait composition, instagram portrait 4:5, CommunityBridge branding, Fall Stability emphasis, headline text Growth Needs Systems That Scale	Growth works better when the system behind it can scale. CommunityBridge helps providers build with more visibility and confidence. Request a demo to learn more. This season is all about fall planning and operational consistency.	#CommunityBridge #ProviderGrowth #ABATherapy #HealthcareOperations #ScalableSystems #ClinicLeadership	2026-09-14	10:00 AM	None	Pending	TRUE
20260916-FB-043	CommunityBridge Annual Growth Campaign 2026-2027	2026-09-operational-clarity-07	Facebook	Operational Clarity Changes Everything	minimal branded operations graphic, portrait static design, crisp typography, subtle workflow layers and directional lines, clean healthcare-tech atmosphere, blue and green highlight accents, instagram portrait 4:5, CommunityBridge branding, Fall Stability emphasis, headline text Operational Clarity Changes Everything	Operational clarity helps teams move faster with less confusion. CommunityBridge brings key workflows into one connected experience so providers can support staff and families more effectively. Request a demo to see how clearer operations can improve the day. This season is a good time to focus on fall planning and operational consistency.	#CommunityBridge #OperationalClarity #ClinicOperations #ABATherapy #WorkflowSupport #HealthcareTechnology	2026-09-16	10:00 AM	None	Pending	TRUE
20260916-IG-043	CommunityBridge Annual Growth Campaign 2026-2027	2026-09-operational-clarity-07	Instagram	Operational Clarity Changes Everything	minimal branded operations graphic, portrait static design, crisp typography, subtle workflow layers and directional lines, clean healthcare-tech atmosphere, blue and green highlight accents, instagram portrait 4:5, CommunityBridge branding, Fall Stability emphasis, headline text Operational Clarity Changes Everything	Clarity creates momentum. CommunityBridge helps teams simplify operations so the day can run with more confidence. Request a demo to explore the platform. This season is all about fall planning and operational consistency.	#CommunityBridge #OperationalClarity #ClinicOperations #ABATherapy #WorkflowSupport #HealthcareTechnology	2026-09-16	10:00 AM	None	Pending	TRUE
20260918-FB-044	CommunityBridge Annual Growth Campaign 2026-2027	2026-09-faq-education-08	Facebook	Better Questions Lead To Better Workflows	educational branded social graphic, portrait layout, FAQ card motif, calm healthcare-tech palette, clean whitespace, modern headline and subtle icon accents, instagram portrait 4:5, CommunityBridge branding, Fall Stability emphasis, headline text Better Questions Lead To Better Workflows	Sometimes the best workflow improvements start with the right questions. CommunityBridge helps organizations simplify the systems behind communication, scheduling, and day-to-day coordination. Request a demo to see what a more connected workflow could look like. This season is a good time to focus on fall planning and operational consistency.	#CommunityBridge #ABAEducation #HealthcareWorkflow #ABATherapy #OperationsSupport #ProviderTools	2026-09-18	10:00 AM	None	Pending	TRUE
20260918-IG-044	CommunityBridge Annual Growth Campaign 2026-2027	2026-09-faq-education-08	Instagram	Better Questions Lead To Better Workflows	educational branded social graphic, portrait layout, FAQ card motif, calm healthcare-tech palette, clean whitespace, modern headline and subtle icon accents, instagram portrait 4:5, CommunityBridge branding, Fall Stability emphasis, headline text Better Questions Lead To Better Workflows	Good questions often lead to stronger systems. CommunityBridge helps teams simplify everyday coordination with tools built for clarity. Request a demo to learn more. This season is all about fall planning and operational consistency.	#CommunityBridge #ABAEducation #HealthcareWorkflow #ABATherapy #OperationsSupport #ProviderTools	2026-09-18	10:00 AM	None	Pending	TRUE
20260921-FB-045	CommunityBridge Annual Growth Campaign 2026-2027	2026-09-demo-cta-09	Facebook	See CommunityBridge In Action	branded promotional static graphic, clean modern healthcare-tech style, subtle app interface cards, green call-to-action accent, white and slate composition, confident headline area, instagram portrait 4:5, CommunityBridge branding, Fall Stability emphasis, headline text See CommunityBridge In Action	The best way to understand a stronger workflow is to see it in action. CommunityBridge helps organizations simplify communication, scheduling, coordination, and operational visibility in one connected platform. Request a demo to explore how it could support your team. This season is a good time to focus on fall planning and operational consistency.	#CommunityBridge #RequestADemo #ABATherapy #HealthcareTechnology #CareCoordination #ClinicOperations	2026-09-21	10:00 AM	None	Pending	TRUE
20260921-IG-045	CommunityBridge Annual Growth Campaign 2026-2027	2026-09-demo-cta-09	Instagram	See CommunityBridge In Action	branded promotional static graphic, clean modern healthcare-tech style, subtle app interface cards, green call-to-action accent, white and slate composition, confident headline area, instagram portrait 4:5, CommunityBridge branding, Fall Stability emphasis, headline text See CommunityBridge In Action	Want to see how a more connected care workflow could look for your team. Request a demo and explore CommunityBridge in action. This season is all about fall planning and operational consistency.	#CommunityBridge #RequestADemo #ABATherapy #HealthcareTechnology #CareCoordination #ClinicOperations	2026-09-21	10:00 AM	None	Pending	TRUE
20260923-FB-046	CommunityBridge Annual Growth Campaign 2026-2027	2026-09-role-based-dashboards-10	Facebook	Clear Roles Create Better Care Days	clean branded healthcare-tech social graphic, white and slate background with subtle blue-green gradient accents, calm modern layout, abstract connected nodes and dashboard cards, headline centered, CommunityBridge brand feel, instagram portrait 4:5, CommunityBridge branding, Fall Stability emphasis, headline text Clear Roles Create Better Care Days	When every role can see what matters most, daily operations get easier to manage. CommunityBridge helps teams reduce confusion, support consistent communication, and keep care moving forward with more clarity. Request a demo to see how a more connected workflow can support your organization. This season is a good time to focus on fall planning and operational consistency.	#CommunityBridge #ABATherapy #CareCoordination #HealthcareTechnology #BCBA #ClinicOperations	2026-09-23	10:00 AM	None	Pending	TRUE
20260923-IG-046	CommunityBridge Annual Growth Campaign 2026-2027	2026-09-role-based-dashboards-10	Instagram	Clear Roles Create Better Care Days	clean branded healthcare-tech social graphic, white and slate background with subtle blue-green gradient accents, calm modern layout, abstract connected nodes and dashboard cards, headline centered, CommunityBridge brand feel, instagram portrait 4:5, CommunityBridge branding, Fall Stability emphasis, headline text Clear Roles Create Better Care Days	Clear roles make busy care days feel more manageable. CommunityBridge helps teams stay connected, informed, and ready to support families with more confidence. Request a demo to see the workflow in action. This season is all about fall planning and operational consistency.	#CommunityBridge #ABATherapy #CareCoordination #HealthcareTechnology #BCBA #ClinicOperations	2026-09-23	10:00 AM	None	Pending	TRUE
20260925-FB-047	CommunityBridge Annual Growth Campaign 2026-2027	2026-09-family-communication-11	Facebook	Family Communication Should Feel Simple	static branded portrait social graphic, supportive healthcare-tech style, soft green and blue accents, clean whitespace, subtle message bubbles and family-care icons, modern sans serif typography, calm reassuring composition, instagram portrait 4:5, CommunityBridge branding, Fall Stability emphasis, headline text Family Communication Should Feel Simple	Families should not have to guess what comes next. CommunityBridge helps care teams share timely updates, reduce back-and-forth, and create a more confident experience for parents and caregivers. Request a demo to explore a simpler communication workflow. This season is a good time to focus on fall planning and operational consistency.	#CommunityBridge #FamilyCommunication #ABATherapy #CareTeams #ParentSupport #HealthcareWorkflow	2026-09-25	10:00 AM	None	Pending	TRUE
20260925-IG-047	CommunityBridge Annual Growth Campaign 2026-2027	2026-09-family-communication-11	Instagram	Family Communication Should Feel Simple	static branded portrait social graphic, supportive healthcare-tech style, soft green and blue accents, clean whitespace, subtle message bubbles and family-care icons, modern sans serif typography, calm reassuring composition, instagram portrait 4:5, CommunityBridge branding, Fall Stability emphasis, headline text Family Communication Should Feel Simple	Better family communication starts with clearer systems behind the scenes. CommunityBridge helps providers keep updates timely, simple, and easier for families to trust. Request a demo to learn more. This season is all about fall planning and operational consistency.	#CommunityBridge #FamilyCommunication #ABATherapy #CareTeams #ParentSupport #HealthcareWorkflow	2026-09-25	10:00 AM	None	Pending	TRUE
20260928-FB-048	CommunityBridge Annual Growth Campaign 2026-2027	2026-09-scheduling-efficiency-12	Facebook	Better Schedules Support Better Days	branded instagram portrait graphic, operational healthcare layout, minimal calendar grid elements, soft green highlight, navy and slate accents, clean modern headline space, organized and efficient visual tone, instagram portrait 4:5, CommunityBridge branding, Fall Stability emphasis, headline text Better Schedules Support Better Days	Scheduling is more than filling a calendar. CommunityBridge helps providers coordinate staff, reduce friction, and create smoother days for clinicians, office teams, and families alike. Request a demo to see a more efficient scheduling workflow. This season is a good time to focus on fall planning and operational consistency.	#CommunityBridge #SchedulingEfficiency #ABATherapy #ClinicOperations #CareCoordination #WorkflowTools	2026-09-28	10:00 AM	None	Pending	TRUE
20260928-IG-048	CommunityBridge Annual Growth Campaign 2026-2027	2026-09-scheduling-efficiency-12	Instagram	Better Schedules Support Better Days	branded instagram portrait graphic, operational healthcare layout, minimal calendar grid elements, soft green highlight, navy and slate accents, clean modern headline space, organized and efficient visual tone, instagram portrait 4:5, CommunityBridge branding, Fall Stability emphasis, headline text Better Schedules Support Better Days	A stronger schedule helps everyone move with less friction. CommunityBridge supports clearer planning, smoother handoffs, and better daily coordination. Request a demo to see the difference. This season is all about fall planning and operational consistency.	#CommunityBridge #SchedulingEfficiency #ABATherapy #ClinicOperations #CareCoordination #WorkflowTools	2026-09-28	10:00 AM	None	Pending	TRUE
20261002-FB-049	CommunityBridge Annual Growth Campaign 2026-2027	2026-10-reporting-insights-01	Facebook	Reporting Should Support Better Decisions	clean data-informed social graphic, branded healthcare-tech portrait design, subtle report cards and chart accents, calm professional palette, spacious layout, headline prominent and readable, instagram portrait 4:5, CommunityBridge branding, Fall Planning emphasis, headline text Reporting Should Support Better Decisions	Good reporting should help teams act, not slow them down. CommunityBridge supports better visibility into the information providers need so decisions can feel more timely, aligned, and practical. Request a demo to see how reporting workflows can work better. This season is a good time to focus on fall planning and stronger team alignment.	#CommunityBridge #ReportingInsights #HealthcareWorkflow #ABATherapy #CareCoordination #OperationalClarity	2026-10-02	10:00 AM	None	Pending	TRUE
20261002-IG-049	CommunityBridge Annual Growth Campaign 2026-2027	2026-10-reporting-insights-01	Instagram	Reporting Should Support Better Decisions	clean data-informed social graphic, branded healthcare-tech portrait design, subtle report cards and chart accents, calm professional palette, spacious layout, headline prominent and readable, instagram portrait 4:5, CommunityBridge branding, Fall Planning emphasis, headline text Reporting Should Support Better Decisions	Better reporting leads to better next steps. CommunityBridge helps teams turn information into action with more clarity and less guesswork. Request a demo to explore the workflow. This season is all about fall planning and stronger team alignment.	#CommunityBridge #ReportingInsights #HealthcareWorkflow #ABATherapy #CareCoordination #OperationalClarity	2026-10-02	10:00 AM	None	Pending	TRUE
20261005-FB-050	CommunityBridge Annual Growth Campaign 2026-2027	2026-10-admin-time-savings-02	Facebook	Save Time Where It Matters Most	static branded promo graphic, calm admin efficiency theme, white background, layered blue and green curves, checklist and workflow icons, modern clean typography, polished and practical, instagram portrait 4:5, CommunityBridge branding, Fall Planning emphasis, headline text Save Time Where It Matters Most	When administrative work becomes more manageable, teams get more room to focus on people. CommunityBridge helps organizations simplify coordination and reduce workflow drag across everyday tasks. Request a demo to see how your team could save time. This season is a good time to focus on fall planning and stronger team alignment.	#CommunityBridge #AdminEfficiency #CareCoordination #ABATherapy #HealthcareTechnology #TeamSupport	2026-10-05	10:00 AM	None	Pending	TRUE
20261005-IG-050	CommunityBridge Annual Growth Campaign 2026-2027	2026-10-admin-time-savings-02	Instagram	Save Time Where It Matters Most	static branded promo graphic, calm admin efficiency theme, white background, layered blue and green curves, checklist and workflow icons, modern clean typography, polished and practical, instagram portrait 4:5, CommunityBridge branding, Fall Planning emphasis, headline text Save Time Where It Matters Most	Less admin friction creates more room for meaningful work. CommunityBridge helps teams streamline the tasks that shape every day. Request a demo to see how it works. This season is all about fall planning and stronger team alignment.	#CommunityBridge #AdminEfficiency #CareCoordination #ABATherapy #HealthcareTechnology #TeamSupport	2026-10-05	10:00 AM	None	Pending	TRUE
20261007-FB-051	CommunityBridge Annual Growth Campaign 2026-2027	2026-10-care-team-coordination-03	Facebook	Connected Teams Create Calmer Days	branded care coordination graphic, portrait format, soft blue-green gradients, connected team icons, welcoming healthcare-tech aesthetic, balanced spacing, strong centered headline, instagram portrait 4:5, CommunityBridge branding, Fall Planning emphasis, headline text Connected Teams Create Calmer Days	Care feels stronger when teams are aligned. CommunityBridge helps clinicians, administrators, and family-facing staff stay coordinated so important details reach the right people at the right time. Request a demo to explore a more connected approach. This season is a good time to focus on fall planning and stronger team alignment.	#CommunityBridge #CareCoordination #ABATherapy #TeamCommunication #HealthcareWorkflow #ProviderSupport	2026-10-07	10:00 AM	None	Pending	TRUE
20261007-IG-051	CommunityBridge Annual Growth Campaign 2026-2027	2026-10-care-team-coordination-03	Instagram	Connected Teams Create Calmer Days	branded care coordination graphic, portrait format, soft blue-green gradients, connected team icons, welcoming healthcare-tech aesthetic, balanced spacing, strong centered headline, instagram portrait 4:5, CommunityBridge branding, Fall Planning emphasis, headline text Connected Teams Create Calmer Days	Connected teams can support families with more consistency and less stress. CommunityBridge helps bring the right people and information together. Request a demo to learn more. This season is all about fall planning and stronger team alignment.	#CommunityBridge #CareCoordination #ABATherapy #TeamCommunication #HealthcareWorkflow #ProviderSupport	2026-10-07	10:00 AM	None	Pending	TRUE
20261009-FB-052	CommunityBridge Annual Growth Campaign 2026-2027	2026-10-parent-trust-04	Facebook	Trust Grows Through Clear Communication	supportive branded social graphic, family trust theme, clean portrait layout, soft green and blue arcs, subtle family silhouettes or icons, modern calming typography, instagram portrait 4:5, CommunityBridge branding, Fall Planning emphasis, headline text Trust Grows Through Clear Communication	Trust is built through steady communication, clear expectations, and reliable follow-through. CommunityBridge helps organizations create a more supportive experience for families through stronger coordination. Request a demo to see how the platform supports trust at scale. This season is a good time to focus on fall planning and stronger team alignment.	#CommunityBridge #ParentTrust #FamilySupport #ABATherapy #CareTeams #HealthcareTechnology	2026-10-09	10:00 AM	None	Pending	TRUE
20261009-IG-052	CommunityBridge Annual Growth Campaign 2026-2027	2026-10-parent-trust-04	Instagram	Trust Grows Through Clear Communication	supportive branded social graphic, family trust theme, clean portrait layout, soft green and blue arcs, subtle family silhouettes or icons, modern calming typography, instagram portrait 4:5, CommunityBridge branding, Fall Planning emphasis, headline text Trust Grows Through Clear Communication	Trust grows when families feel informed and supported. CommunityBridge helps teams create a clearer experience from day to day. Request a demo to see how. This season is all about fall planning and stronger team alignment.	#CommunityBridge #ParentTrust #FamilySupport #ABATherapy #CareTeams #HealthcareTechnology	2026-10-09	10:00 AM	None	Pending	TRUE
20261012-FB-053	CommunityBridge Annual Growth Campaign 2026-2027	2026-10-provider-growth-05	Facebook	Growth Needs Systems That Scale	professional growth-focused healthcare graphic, clean white field, subtle upward motion elements, dashboard and team icons, blue-green brand accents, modern polished portrait composition, instagram portrait 4:5, CommunityBridge branding, Fall Planning emphasis, headline text Growth Needs Systems That Scale	As organizations grow, the need for consistent systems grows with them. CommunityBridge helps providers support expansion without losing visibility, communication, or operational confidence. Request a demo to explore scalable coordination. This season is a good time to focus on fall planning and stronger team alignment.	#CommunityBridge #ProviderGrowth #ABATherapy #HealthcareOperations #ScalableSystems #ClinicLeadership	2026-10-12	10:00 AM	None	Pending	TRUE
20261012-IG-053	CommunityBridge Annual Growth Campaign 2026-2027	2026-10-provider-growth-05	Instagram	Growth Needs Systems That Scale	professional growth-focused healthcare graphic, clean white field, subtle upward motion elements, dashboard and team icons, blue-green brand accents, modern polished portrait composition, instagram portrait 4:5, CommunityBridge branding, Fall Planning emphasis, headline text Growth Needs Systems That Scale	Growth works better when the system behind it can scale. CommunityBridge helps providers build with more visibility and confidence. Request a demo to learn more. This season is all about fall planning and stronger team alignment.	#CommunityBridge #ProviderGrowth #ABATherapy #HealthcareOperations #ScalableSystems #ClinicLeadership	2026-10-12	10:00 AM	None	Pending	TRUE
20261014-FB-054	CommunityBridge Annual Growth Campaign 2026-2027	2026-10-operational-clarity-06	Facebook	Operational Clarity Changes Everything	minimal branded operations graphic, portrait static design, crisp typography, subtle workflow layers and directional lines, clean healthcare-tech atmosphere, blue and green highlight accents, instagram portrait 4:5, CommunityBridge branding, Fall Planning emphasis, headline text Operational Clarity Changes Everything	Operational clarity helps teams move faster with less confusion. CommunityBridge brings key workflows into one connected experience so providers can support staff and families more effectively. Request a demo to see how clearer operations can improve the day. This season is a good time to focus on fall planning and stronger team alignment.	#CommunityBridge #OperationalClarity #ClinicOperations #ABATherapy #WorkflowSupport #HealthcareTechnology	2026-10-14	10:00 AM	None	Pending	TRUE
20261014-IG-054	CommunityBridge Annual Growth Campaign 2026-2027	2026-10-operational-clarity-06	Instagram	Operational Clarity Changes Everything	minimal branded operations graphic, portrait static design, crisp typography, subtle workflow layers and directional lines, clean healthcare-tech atmosphere, blue and green highlight accents, instagram portrait 4:5, CommunityBridge branding, Fall Planning emphasis, headline text Operational Clarity Changes Everything	Clarity creates momentum. CommunityBridge helps teams simplify operations so the day can run with more confidence. Request a demo to explore the platform. This season is all about fall planning and stronger team alignment.	#CommunityBridge #OperationalClarity #ClinicOperations #ABATherapy #WorkflowSupport #HealthcareTechnology	2026-10-14	10:00 AM	None	Pending	TRUE
20261016-FB-055	CommunityBridge Annual Growth Campaign 2026-2027	2026-10-faq-education-07	Facebook	Better Questions Lead To Better Workflows	educational branded social graphic, portrait layout, FAQ card motif, calm healthcare-tech palette, clean whitespace, modern headline and subtle icon accents, instagram portrait 4:5, CommunityBridge branding, Fall Planning emphasis, headline text Better Questions Lead To Better Workflows	Sometimes the best workflow improvements start with the right questions. CommunityBridge helps organizations simplify the systems behind communication, scheduling, and day-to-day coordination. Request a demo to see what a more connected workflow could look like. This season is a good time to focus on fall planning and stronger team alignment.	#CommunityBridge #ABAEducation #HealthcareWorkflow #ABATherapy #OperationsSupport #ProviderTools	2026-10-16	10:00 AM	None	Pending	TRUE
20261016-IG-055	CommunityBridge Annual Growth Campaign 2026-2027	2026-10-faq-education-07	Instagram	Better Questions Lead To Better Workflows	educational branded social graphic, portrait layout, FAQ card motif, calm healthcare-tech palette, clean whitespace, modern headline and subtle icon accents, instagram portrait 4:5, CommunityBridge branding, Fall Planning emphasis, headline text Better Questions Lead To Better Workflows	Good questions often lead to stronger systems. CommunityBridge helps teams simplify everyday coordination with tools built for clarity. Request a demo to learn more. This season is all about fall planning and stronger team alignment.	#CommunityBridge #ABAEducation #HealthcareWorkflow #ABATherapy #OperationsSupport #ProviderTools	2026-10-16	10:00 AM	None	Pending	TRUE
20261019-FB-056	CommunityBridge Annual Growth Campaign 2026-2027	2026-10-demo-cta-08	Facebook	See CommunityBridge In Action	branded promotional static graphic, clean modern healthcare-tech style, subtle app interface cards, green call-to-action accent, white and slate composition, confident headline area, instagram portrait 4:5, CommunityBridge branding, Fall Planning emphasis, headline text See CommunityBridge In Action	The best way to understand a stronger workflow is to see it in action. CommunityBridge helps organizations simplify communication, scheduling, coordination, and operational visibility in one connected platform. Request a demo to explore how it could support your team. This season is a good time to focus on fall planning and stronger team alignment.	#CommunityBridge #RequestADemo #ABATherapy #HealthcareTechnology #CareCoordination #ClinicOperations	2026-10-19	10:00 AM	None	Pending	TRUE
20261019-IG-056	CommunityBridge Annual Growth Campaign 2026-2027	2026-10-demo-cta-08	Instagram	See CommunityBridge In Action	branded promotional static graphic, clean modern healthcare-tech style, subtle app interface cards, green call-to-action accent, white and slate composition, confident headline area, instagram portrait 4:5, CommunityBridge branding, Fall Planning emphasis, headline text See CommunityBridge In Action	Want to see how a more connected care workflow could look for your team. Request a demo and explore CommunityBridge in action. This season is all about fall planning and stronger team alignment.	#CommunityBridge #RequestADemo #ABATherapy #HealthcareTechnology #CareCoordination #ClinicOperations	2026-10-19	10:00 AM	None	Pending	TRUE
20261021-FB-057	CommunityBridge Annual Growth Campaign 2026-2027	2026-10-role-based-dashboards-09	Facebook	Clear Roles Create Better Care Days	clean branded healthcare-tech social graphic, white and slate background with subtle blue-green gradient accents, calm modern layout, abstract connected nodes and dashboard cards, headline centered, CommunityBridge brand feel, instagram portrait 4:5, CommunityBridge branding, Fall Planning emphasis, headline text Clear Roles Create Better Care Days	When every role can see what matters most, daily operations get easier to manage. CommunityBridge helps teams reduce confusion, support consistent communication, and keep care moving forward with more clarity. Request a demo to see how a more connected workflow can support your organization. This season is a good time to focus on fall planning and stronger team alignment.	#CommunityBridge #ABATherapy #CareCoordination #HealthcareTechnology #BCBA #ClinicOperations	2026-10-21	10:00 AM	None	Pending	TRUE
20261021-IG-057	CommunityBridge Annual Growth Campaign 2026-2027	2026-10-role-based-dashboards-09	Instagram	Clear Roles Create Better Care Days	clean branded healthcare-tech social graphic, white and slate background with subtle blue-green gradient accents, calm modern layout, abstract connected nodes and dashboard cards, headline centered, CommunityBridge brand feel, instagram portrait 4:5, CommunityBridge branding, Fall Planning emphasis, headline text Clear Roles Create Better Care Days	Clear roles make busy care days feel more manageable. CommunityBridge helps teams stay connected, informed, and ready to support families with more confidence. Request a demo to see the workflow in action. This season is all about fall planning and stronger team alignment.	#CommunityBridge #ABATherapy #CareCoordination #HealthcareTechnology #BCBA #ClinicOperations	2026-10-21	10:00 AM	None	Pending	TRUE
20261023-FB-058	CommunityBridge Annual Growth Campaign 2026-2027	2026-10-family-communication-10	Facebook	Family Communication Should Feel Simple	static branded portrait social graphic, supportive healthcare-tech style, soft green and blue accents, clean whitespace, subtle message bubbles and family-care icons, modern sans serif typography, calm reassuring composition, instagram portrait 4:5, CommunityBridge branding, Fall Planning emphasis, headline text Family Communication Should Feel Simple	Families should not have to guess what comes next. CommunityBridge helps care teams share timely updates, reduce back-and-forth, and create a more confident experience for parents and caregivers. Request a demo to explore a simpler communication workflow. This season is a good time to focus on fall planning and stronger team alignment.	#CommunityBridge #FamilyCommunication #ABATherapy #CareTeams #ParentSupport #HealthcareWorkflow	2026-10-23	10:00 AM	None	Pending	TRUE
20261023-IG-058	CommunityBridge Annual Growth Campaign 2026-2027	2026-10-family-communication-10	Instagram	Family Communication Should Feel Simple	static branded portrait social graphic, supportive healthcare-tech style, soft green and blue accents, clean whitespace, subtle message bubbles and family-care icons, modern sans serif typography, calm reassuring composition, instagram portrait 4:5, CommunityBridge branding, Fall Planning emphasis, headline text Family Communication Should Feel Simple	Better family communication starts with clearer systems behind the scenes. CommunityBridge helps providers keep updates timely, simple, and easier for families to trust. Request a demo to learn more. This season is all about fall planning and stronger team alignment.	#CommunityBridge #FamilyCommunication #ABATherapy #CareTeams #ParentSupport #HealthcareWorkflow	2026-10-23	10:00 AM	None	Pending	TRUE
20261026-FB-059	CommunityBridge Annual Growth Campaign 2026-2027	2026-10-scheduling-efficiency-11	Facebook	Better Schedules Support Better Days	branded instagram portrait graphic, operational healthcare layout, minimal calendar grid elements, soft green highlight, navy and slate accents, clean modern headline space, organized and efficient visual tone, instagram portrait 4:5, CommunityBridge branding, Fall Planning emphasis, headline text Better Schedules Support Better Days	Scheduling is more than filling a calendar. CommunityBridge helps providers coordinate staff, reduce friction, and create smoother days for clinicians, office teams, and families alike. Request a demo to see a more efficient scheduling workflow. This season is a good time to focus on fall planning and stronger team alignment.	#CommunityBridge #SchedulingEfficiency #ABATherapy #ClinicOperations #CareCoordination #WorkflowTools	2026-10-26	10:00 AM	None	Pending	TRUE
20261026-IG-059	CommunityBridge Annual Growth Campaign 2026-2027	2026-10-scheduling-efficiency-11	Instagram	Better Schedules Support Better Days	branded instagram portrait graphic, operational healthcare layout, minimal calendar grid elements, soft green highlight, navy and slate accents, clean modern headline space, organized and efficient visual tone, instagram portrait 4:5, CommunityBridge branding, Fall Planning emphasis, headline text Better Schedules Support Better Days	A stronger schedule helps everyone move with less friction. CommunityBridge supports clearer planning, smoother handoffs, and better daily coordination. Request a demo to see the difference. This season is all about fall planning and stronger team alignment.	#CommunityBridge #SchedulingEfficiency #ABATherapy #ClinicOperations #CareCoordination #WorkflowTools	2026-10-26	10:00 AM	None	Pending	TRUE
20261028-FB-060	CommunityBridge Annual Growth Campaign 2026-2027	2026-10-billing-visibility-12	Facebook	Visibility Turns Billing Into Action	professional branded social graphic for healthcare operations, clean white background, subtle billing chart elements, blue-green gradient lines, polished admin-tech style, clear centered headline, instagram portrait 4:5, CommunityBridge branding, Fall Planning emphasis, headline text Visibility Turns Billing Into Action	When billing details are easier to track, teams can respond faster and plan with more confidence. CommunityBridge helps organizations improve visibility across operational workflows so fewer details get lost. Request a demo to explore smarter coordination. This season is a good time to focus on fall planning and stronger team alignment.	#CommunityBridge #BillingVisibility #HealthcareTechnology #ABATherapy #AdminEfficiency #OperationsSupport	2026-10-28	10:00 AM	None	Pending	TRUE
20261028-IG-060	CommunityBridge Annual Growth Campaign 2026-2027	2026-10-billing-visibility-12	Instagram	Visibility Turns Billing Into Action	professional branded social graphic for healthcare operations, clean white background, subtle billing chart elements, blue-green gradient lines, polished admin-tech style, clear centered headline, instagram portrait 4:5, CommunityBridge branding, Fall Planning emphasis, headline text Visibility Turns Billing Into Action	More visibility means fewer surprises. CommunityBridge helps teams stay on top of operational details with clearer workflows and stronger follow-through. Request a demo to learn more. This season is all about fall planning and stronger team alignment.	#CommunityBridge #BillingVisibility #HealthcareTechnology #ABATherapy #AdminEfficiency #OperationsSupport	2026-10-28	10:00 AM	None	Pending	TRUE
20261102-FB-061	CommunityBridge Annual Growth Campaign 2026-2027	2026-11-admin-time-savings-01	Facebook	Save Time Where It Matters Most	static branded promo graphic, calm admin efficiency theme, white background, layered blue and green curves, checklist and workflow icons, modern clean typography, polished and practical, instagram portrait 4:5, CommunityBridge branding, Gratitude and Readiness emphasis, headline text Save Time Where It Matters Most	When administrative work becomes more manageable, teams get more room to focus on people. CommunityBridge helps organizations simplify coordination and reduce workflow drag across everyday tasks. Request a demo to see how your team could save time. This season is a good time to focus on gratitude, family support, and year-end readiness.	#CommunityBridge #AdminEfficiency #CareCoordination #ABATherapy #HealthcareTechnology #TeamSupport	2026-11-02	10:00 AM	None	Pending	TRUE
20261102-IG-061	CommunityBridge Annual Growth Campaign 2026-2027	2026-11-admin-time-savings-01	Instagram	Save Time Where It Matters Most	static branded promo graphic, calm admin efficiency theme, white background, layered blue and green curves, checklist and workflow icons, modern clean typography, polished and practical, instagram portrait 4:5, CommunityBridge branding, Gratitude and Readiness emphasis, headline text Save Time Where It Matters Most	Less admin friction creates more room for meaningful work. CommunityBridge helps teams streamline the tasks that shape every day. Request a demo to see how it works. This season is all about gratitude, family support, and year-end readiness.	#CommunityBridge #AdminEfficiency #CareCoordination #ABATherapy #HealthcareTechnology #TeamSupport	2026-11-02	10:00 AM	None	Pending	TRUE
20261104-FB-062	CommunityBridge Annual Growth Campaign 2026-2027	2026-11-care-team-coordination-02	Facebook	Connected Teams Create Calmer Days	branded care coordination graphic, portrait format, soft blue-green gradients, connected team icons, welcoming healthcare-tech aesthetic, balanced spacing, strong centered headline, instagram portrait 4:5, CommunityBridge branding, Gratitude and Readiness emphasis, headline text Connected Teams Create Calmer Days	Care feels stronger when teams are aligned. CommunityBridge helps clinicians, administrators, and family-facing staff stay coordinated so important details reach the right people at the right time. Request a demo to explore a more connected approach. This season is a good time to focus on gratitude, family support, and year-end readiness.	#CommunityBridge #CareCoordination #ABATherapy #TeamCommunication #HealthcareWorkflow #ProviderSupport	2026-11-04	10:00 AM	None	Pending	TRUE
20261104-IG-062	CommunityBridge Annual Growth Campaign 2026-2027	2026-11-care-team-coordination-02	Instagram	Connected Teams Create Calmer Days	branded care coordination graphic, portrait format, soft blue-green gradients, connected team icons, welcoming healthcare-tech aesthetic, balanced spacing, strong centered headline, instagram portrait 4:5, CommunityBridge branding, Gratitude and Readiness emphasis, headline text Connected Teams Create Calmer Days	Connected teams can support families with more consistency and less stress. CommunityBridge helps bring the right people and information together. Request a demo to learn more. This season is all about gratitude, family support, and year-end readiness.	#CommunityBridge #CareCoordination #ABATherapy #TeamCommunication #HealthcareWorkflow #ProviderSupport	2026-11-04	10:00 AM	None	Pending	TRUE
20261106-FB-063	CommunityBridge Annual Growth Campaign 2026-2027	2026-11-parent-trust-03	Facebook	Trust Grows Through Clear Communication	supportive branded social graphic, family trust theme, clean portrait layout, soft green and blue arcs, subtle family silhouettes or icons, modern calming typography, instagram portrait 4:5, CommunityBridge branding, Gratitude and Readiness emphasis, headline text Trust Grows Through Clear Communication	Trust is built through steady communication, clear expectations, and reliable follow-through. CommunityBridge helps organizations create a more supportive experience for families through stronger coordination. Request a demo to see how the platform supports trust at scale. This season is a good time to focus on gratitude, family support, and year-end readiness.	#CommunityBridge #ParentTrust #FamilySupport #ABATherapy #CareTeams #HealthcareTechnology	2026-11-06	10:00 AM	None	Pending	TRUE
20261106-IG-063	CommunityBridge Annual Growth Campaign 2026-2027	2026-11-parent-trust-03	Instagram	Trust Grows Through Clear Communication	supportive branded social graphic, family trust theme, clean portrait layout, soft green and blue arcs, subtle family silhouettes or icons, modern calming typography, instagram portrait 4:5, CommunityBridge branding, Gratitude and Readiness emphasis, headline text Trust Grows Through Clear Communication	Trust grows when families feel informed and supported. CommunityBridge helps teams create a clearer experience from day to day. Request a demo to see how. This season is all about gratitude, family support, and year-end readiness.	#CommunityBridge #ParentTrust #FamilySupport #ABATherapy #CareTeams #HealthcareTechnology	2026-11-06	10:00 AM	None	Pending	TRUE
20261109-FB-064	CommunityBridge Annual Growth Campaign 2026-2027	2026-11-provider-growth-04	Facebook	Growth Needs Systems That Scale	professional growth-focused healthcare graphic, clean white field, subtle upward motion elements, dashboard and team icons, blue-green brand accents, modern polished portrait composition, instagram portrait 4:5, CommunityBridge branding, Gratitude and Readiness emphasis, headline text Growth Needs Systems That Scale	As organizations grow, the need for consistent systems grows with them. CommunityBridge helps providers support expansion without losing visibility, communication, or operational confidence. Request a demo to explore scalable coordination. This season is a good time to focus on gratitude, family support, and year-end readiness.	#CommunityBridge #ProviderGrowth #ABATherapy #HealthcareOperations #ScalableSystems #ClinicLeadership	2026-11-09	10:00 AM	None	Pending	TRUE
20261109-IG-064	CommunityBridge Annual Growth Campaign 2026-2027	2026-11-provider-growth-04	Instagram	Growth Needs Systems That Scale	professional growth-focused healthcare graphic, clean white field, subtle upward motion elements, dashboard and team icons, blue-green brand accents, modern polished portrait composition, instagram portrait 4:5, CommunityBridge branding, Gratitude and Readiness emphasis, headline text Growth Needs Systems That Scale	Growth works better when the system behind it can scale. CommunityBridge helps providers build with more visibility and confidence. Request a demo to learn more. This season is all about gratitude, family support, and year-end readiness.	#CommunityBridge #ProviderGrowth #ABATherapy #HealthcareOperations #ScalableSystems #ClinicLeadership	2026-11-09	10:00 AM	None	Pending	TRUE
20261111-FB-065	CommunityBridge Annual Growth Campaign 2026-2027	2026-11-operational-clarity-05	Facebook	Operational Clarity Changes Everything	minimal branded operations graphic, portrait static design, crisp typography, subtle workflow layers and directional lines, clean healthcare-tech atmosphere, blue and green highlight accents, instagram portrait 4:5, CommunityBridge branding, Gratitude and Readiness emphasis, headline text Operational Clarity Changes Everything	Operational clarity helps teams move faster with less confusion. CommunityBridge brings key workflows into one connected experience so providers can support staff and families more effectively. Request a demo to see how clearer operations can improve the day. This season is a good time to focus on gratitude, family support, and year-end readiness.	#CommunityBridge #OperationalClarity #ClinicOperations #ABATherapy #WorkflowSupport #HealthcareTechnology	2026-11-11	10:00 AM	None	Pending	TRUE
20261111-IG-065	CommunityBridge Annual Growth Campaign 2026-2027	2026-11-operational-clarity-05	Instagram	Operational Clarity Changes Everything	minimal branded operations graphic, portrait static design, crisp typography, subtle workflow layers and directional lines, clean healthcare-tech atmosphere, blue and green highlight accents, instagram portrait 4:5, CommunityBridge branding, Gratitude and Readiness emphasis, headline text Operational Clarity Changes Everything	Clarity creates momentum. CommunityBridge helps teams simplify operations so the day can run with more confidence. Request a demo to explore the platform. This season is all about gratitude, family support, and year-end readiness.	#CommunityBridge #OperationalClarity #ClinicOperations #ABATherapy #WorkflowSupport #HealthcareTechnology	2026-11-11	10:00 AM	None	Pending	TRUE
20261113-FB-066	CommunityBridge Annual Growth Campaign 2026-2027	2026-11-faq-education-06	Facebook	Better Questions Lead To Better Workflows	educational branded social graphic, portrait layout, FAQ card motif, calm healthcare-tech palette, clean whitespace, modern headline and subtle icon accents, instagram portrait 4:5, CommunityBridge branding, Gratitude and Readiness emphasis, headline text Better Questions Lead To Better Workflows	Sometimes the best workflow improvements start with the right questions. CommunityBridge helps organizations simplify the systems behind communication, scheduling, and day-to-day coordination. Request a demo to see what a more connected workflow could look like. This season is a good time to focus on gratitude, family support, and year-end readiness.	#CommunityBridge #ABAEducation #HealthcareWorkflow #ABATherapy #OperationsSupport #ProviderTools	2026-11-13	10:00 AM	None	Pending	TRUE
20261113-IG-066	CommunityBridge Annual Growth Campaign 2026-2027	2026-11-faq-education-06	Instagram	Better Questions Lead To Better Workflows	educational branded social graphic, portrait layout, FAQ card motif, calm healthcare-tech palette, clean whitespace, modern headline and subtle icon accents, instagram portrait 4:5, CommunityBridge branding, Gratitude and Readiness emphasis, headline text Better Questions Lead To Better Workflows	Good questions often lead to stronger systems. CommunityBridge helps teams simplify everyday coordination with tools built for clarity. Request a demo to learn more. This season is all about gratitude, family support, and year-end readiness.	#CommunityBridge #ABAEducation #HealthcareWorkflow #ABATherapy #OperationsSupport #ProviderTools	2026-11-13	10:00 AM	None	Pending	TRUE
20261116-FB-067	CommunityBridge Annual Growth Campaign 2026-2027	2026-11-demo-cta-07	Facebook	See CommunityBridge In Action	branded promotional static graphic, clean modern healthcare-tech style, subtle app interface cards, green call-to-action accent, white and slate composition, confident headline area, instagram portrait 4:5, CommunityBridge branding, Gratitude and Readiness emphasis, headline text See CommunityBridge In Action	The best way to understand a stronger workflow is to see it in action. CommunityBridge helps organizations simplify communication, scheduling, coordination, and operational visibility in one connected platform. Request a demo to explore how it could support your team. This season is a good time to focus on gratitude, family support, and year-end readiness.	#CommunityBridge #RequestADemo #ABATherapy #HealthcareTechnology #CareCoordination #ClinicOperations	2026-11-16	10:00 AM	None	Pending	TRUE
20261116-IG-067	CommunityBridge Annual Growth Campaign 2026-2027	2026-11-demo-cta-07	Instagram	See CommunityBridge In Action	branded promotional static graphic, clean modern healthcare-tech style, subtle app interface cards, green call-to-action accent, white and slate composition, confident headline area, instagram portrait 4:5, CommunityBridge branding, Gratitude and Readiness emphasis, headline text See CommunityBridge In Action	Want to see how a more connected care workflow could look for your team. Request a demo and explore CommunityBridge in action. This season is all about gratitude, family support, and year-end readiness.	#CommunityBridge #RequestADemo #ABATherapy #HealthcareTechnology #CareCoordination #ClinicOperations	2026-11-16	10:00 AM	None	Pending	TRUE
20261118-FB-068	CommunityBridge Annual Growth Campaign 2026-2027	2026-11-role-based-dashboards-08	Facebook	Clear Roles Create Better Care Days	clean branded healthcare-tech social graphic, white and slate background with subtle blue-green gradient accents, calm modern layout, abstract connected nodes and dashboard cards, headline centered, CommunityBridge brand feel, instagram portrait 4:5, CommunityBridge branding, Gratitude and Readiness emphasis, headline text Clear Roles Create Better Care Days	When every role can see what matters most, daily operations get easier to manage. CommunityBridge helps teams reduce confusion, support consistent communication, and keep care moving forward with more clarity. Request a demo to see how a more connected workflow can support your organization. This season is a good time to focus on gratitude, family support, and year-end readiness.	#CommunityBridge #ABATherapy #CareCoordination #HealthcareTechnology #BCBA #ClinicOperations	2026-11-18	10:00 AM	None	Pending	TRUE
20261118-IG-068	CommunityBridge Annual Growth Campaign 2026-2027	2026-11-role-based-dashboards-08	Instagram	Clear Roles Create Better Care Days	clean branded healthcare-tech social graphic, white and slate background with subtle blue-green gradient accents, calm modern layout, abstract connected nodes and dashboard cards, headline centered, CommunityBridge brand feel, instagram portrait 4:5, CommunityBridge branding, Gratitude and Readiness emphasis, headline text Clear Roles Create Better Care Days	Clear roles make busy care days feel more manageable. CommunityBridge helps teams stay connected, informed, and ready to support families with more confidence. Request a demo to see the workflow in action. This season is all about gratitude, family support, and year-end readiness.	#CommunityBridge #ABATherapy #CareCoordination #HealthcareTechnology #BCBA #ClinicOperations	2026-11-18	10:00 AM	None	Pending	TRUE
20261120-FB-069	CommunityBridge Annual Growth Campaign 2026-2027	2026-11-family-communication-09	Facebook	Family Communication Should Feel Simple	static branded portrait social graphic, supportive healthcare-tech style, soft green and blue accents, clean whitespace, subtle message bubbles and family-care icons, modern sans serif typography, calm reassuring composition, instagram portrait 4:5, CommunityBridge branding, Gratitude and Readiness emphasis, headline text Family Communication Should Feel Simple	Families should not have to guess what comes next. CommunityBridge helps care teams share timely updates, reduce back-and-forth, and create a more confident experience for parents and caregivers. Request a demo to explore a simpler communication workflow. This season is a good time to focus on gratitude, family support, and year-end readiness.	#CommunityBridge #FamilyCommunication #ABATherapy #CareTeams #ParentSupport #HealthcareWorkflow	2026-11-20	10:00 AM	None	Pending	TRUE
20261120-IG-069	CommunityBridge Annual Growth Campaign 2026-2027	2026-11-family-communication-09	Instagram	Family Communication Should Feel Simple	static branded portrait social graphic, supportive healthcare-tech style, soft green and blue accents, clean whitespace, subtle message bubbles and family-care icons, modern sans serif typography, calm reassuring composition, instagram portrait 4:5, CommunityBridge branding, Gratitude and Readiness emphasis, headline text Family Communication Should Feel Simple	Better family communication starts with clearer systems behind the scenes. CommunityBridge helps providers keep updates timely, simple, and easier for families to trust. Request a demo to learn more. This season is all about gratitude, family support, and year-end readiness.	#CommunityBridge #FamilyCommunication #ABATherapy #CareTeams #ParentSupport #HealthcareWorkflow	2026-11-20	10:00 AM	None	Pending	TRUE
20261123-FB-070	CommunityBridge Annual Growth Campaign 2026-2027	2026-11-scheduling-efficiency-10	Facebook	Gratitude Starts With Good Support	branded instagram portrait graphic, operational healthcare layout, minimal calendar grid elements, soft green highlight, navy and slate accents, clean modern headline space, organized and efficient visual tone, instagram portrait 4:5, CommunityBridge branding, Gratitude and Readiness emphasis, headline text Gratitude Starts With Good Support	Gratitude grows when teams and families feel supported in the work they do together. CommunityBridge helps organizations create clearer communication and more reliable workflows that strengthen everyday care. Request a demo to explore the platform.	#CommunityBridge #SchedulingEfficiency #ABATherapy #ClinicOperations #CareCoordination #WorkflowTools #Thanksgiving #GratitudeInCare	2026-11-23	10:00 AM	Thanksgiving Week	Pending	TRUE
20261123-IG-070	CommunityBridge Annual Growth Campaign 2026-2027	2026-11-scheduling-efficiency-10	Instagram	Gratitude Starts With Good Support	branded instagram portrait graphic, operational healthcare layout, minimal calendar grid elements, soft green highlight, navy and slate accents, clean modern headline space, organized and efficient visual tone, instagram portrait 4:5, CommunityBridge branding, Gratitude and Readiness emphasis, headline text Gratitude Starts With Good Support	This season is a good reminder that support matters. CommunityBridge helps teams create clearer experiences for families and staff every day. Request a demo to see how.	#CommunityBridge #SchedulingEfficiency #ABATherapy #ClinicOperations #CareCoordination #WorkflowTools #Thanksgiving #GratitudeInCare	2026-11-23	10:00 AM	Thanksgiving Week	Pending	TRUE
20261125-FB-071	CommunityBridge Annual Growth Campaign 2026-2027	2026-11-billing-visibility-11	Facebook	Gratitude Starts With Good Support	professional branded social graphic for healthcare operations, clean white background, subtle billing chart elements, blue-green gradient lines, polished admin-tech style, clear centered headline, instagram portrait 4:5, CommunityBridge branding, Gratitude and Readiness emphasis, headline text Gratitude Starts With Good Support	Gratitude grows when teams and families feel supported in the work they do together. CommunityBridge helps organizations create clearer communication and more reliable workflows that strengthen everyday care. Request a demo to explore the platform.	#CommunityBridge #BillingVisibility #HealthcareTechnology #ABATherapy #AdminEfficiency #OperationsSupport #Thanksgiving #GratitudeInCare	2026-11-25	10:00 AM	Thanksgiving Week	Pending	TRUE
20261125-IG-071	CommunityBridge Annual Growth Campaign 2026-2027	2026-11-billing-visibility-11	Instagram	Gratitude Starts With Good Support	professional branded social graphic for healthcare operations, clean white background, subtle billing chart elements, blue-green gradient lines, polished admin-tech style, clear centered headline, instagram portrait 4:5, CommunityBridge branding, Gratitude and Readiness emphasis, headline text Gratitude Starts With Good Support	This season is a good reminder that support matters. CommunityBridge helps teams create clearer experiences for families and staff every day. Request a demo to see how.	#CommunityBridge #BillingVisibility #HealthcareTechnology #ABATherapy #AdminEfficiency #OperationsSupport #Thanksgiving #GratitudeInCare	2026-11-25	10:00 AM	Thanksgiving Week	Pending	TRUE
20261127-FB-072	CommunityBridge Annual Growth Campaign 2026-2027	2026-11-reporting-insights-12	Facebook	Gratitude Starts With Good Support	clean data-informed social graphic, branded healthcare-tech portrait design, subtle report cards and chart accents, calm professional palette, spacious layout, headline prominent and readable, instagram portrait 4:5, CommunityBridge branding, Gratitude and Readiness emphasis, headline text Gratitude Starts With Good Support	Gratitude grows when teams and families feel supported in the work they do together. CommunityBridge helps organizations create clearer communication and more reliable workflows that strengthen everyday care. Request a demo to explore the platform.	#CommunityBridge #ReportingInsights #HealthcareWorkflow #ABATherapy #CareCoordination #OperationalClarity #Thanksgiving #GratitudeInCare	2026-11-27	10:00 AM	Thanksgiving Week	Pending	TRUE
20261127-IG-072	CommunityBridge Annual Growth Campaign 2026-2027	2026-11-reporting-insights-12	Instagram	Gratitude Starts With Good Support	clean data-informed social graphic, branded healthcare-tech portrait design, subtle report cards and chart accents, calm professional palette, spacious layout, headline prominent and readable, instagram portrait 4:5, CommunityBridge branding, Gratitude and Readiness emphasis, headline text Gratitude Starts With Good Support	This season is a good reminder that support matters. CommunityBridge helps teams create clearer experiences for families and staff every day. Request a demo to see how.	#CommunityBridge #ReportingInsights #HealthcareWorkflow #ABATherapy #CareCoordination #OperationalClarity #Thanksgiving #GratitudeInCare	2026-11-27	10:00 AM	Thanksgiving Week	Pending	TRUE
20261202-FB-073	CommunityBridge Annual Growth Campaign 2026-2027	2026-12-care-team-coordination-01	Facebook	Connected Teams Create Calmer Days	branded care coordination graphic, portrait format, soft blue-green gradients, connected team icons, welcoming healthcare-tech aesthetic, balanced spacing, strong centered headline, instagram portrait 4:5, CommunityBridge branding, Year-End Reflection emphasis, headline text Connected Teams Create Calmer Days	Care feels stronger when teams are aligned. CommunityBridge helps clinicians, administrators, and family-facing staff stay coordinated so important details reach the right people at the right time. Request a demo to explore a more connected approach.	#CommunityBridge #CareCoordination #ABATherapy #TeamCommunication #HealthcareWorkflow #ProviderSupport	2026-12-02	10:00 AM	Holiday Season	Pending	TRUE
20261202-IG-073	CommunityBridge Annual Growth Campaign 2026-2027	2026-12-care-team-coordination-01	Instagram	Connected Teams Create Calmer Days	branded care coordination graphic, portrait format, soft blue-green gradients, connected team icons, welcoming healthcare-tech aesthetic, balanced spacing, strong centered headline, instagram portrait 4:5, CommunityBridge branding, Year-End Reflection emphasis, headline text Connected Teams Create Calmer Days	Connected teams can support families with more consistency and less stress. CommunityBridge helps bring the right people and information together. Request a demo to learn more.	#CommunityBridge #CareCoordination #ABATherapy #TeamCommunication #HealthcareWorkflow #ProviderSupport	2026-12-02	10:00 AM	Holiday Season	Pending	TRUE
20261204-FB-074	CommunityBridge Annual Growth Campaign 2026-2027	2026-12-parent-trust-02	Facebook	Trust Grows Through Clear Communication	supportive branded social graphic, family trust theme, clean portrait layout, soft green and blue arcs, subtle family silhouettes or icons, modern calming typography, instagram portrait 4:5, CommunityBridge branding, Year-End Reflection emphasis, headline text Trust Grows Through Clear Communication	Trust is built through steady communication, clear expectations, and reliable follow-through. CommunityBridge helps organizations create a more supportive experience for families through stronger coordination. Request a demo to see how the platform supports trust at scale.	#CommunityBridge #ParentTrust #FamilySupport #ABATherapy #CareTeams #HealthcareTechnology	2026-12-04	10:00 AM	Holiday Season	Pending	TRUE
20261204-IG-074	CommunityBridge Annual Growth Campaign 2026-2027	2026-12-parent-trust-02	Instagram	Trust Grows Through Clear Communication	supportive branded social graphic, family trust theme, clean portrait layout, soft green and blue arcs, subtle family silhouettes or icons, modern calming typography, instagram portrait 4:5, CommunityBridge branding, Year-End Reflection emphasis, headline text Trust Grows Through Clear Communication	Trust grows when families feel informed and supported. CommunityBridge helps teams create a clearer experience from day to day. Request a demo to see how.	#CommunityBridge #ParentTrust #FamilySupport #ABATherapy #CareTeams #HealthcareTechnology	2026-12-04	10:00 AM	Holiday Season	Pending	TRUE
20261207-FB-075	CommunityBridge Annual Growth Campaign 2026-2027	2026-12-provider-growth-03	Facebook	Growth Needs Systems That Scale	professional growth-focused healthcare graphic, clean white field, subtle upward motion elements, dashboard and team icons, blue-green brand accents, modern polished portrait composition, instagram portrait 4:5, CommunityBridge branding, Year-End Reflection emphasis, headline text Growth Needs Systems That Scale	As organizations grow, the need for consistent systems grows with them. CommunityBridge helps providers support expansion without losing visibility, communication, or operational confidence. Request a demo to explore scalable coordination.	#CommunityBridge #ProviderGrowth #ABATherapy #HealthcareOperations #ScalableSystems #ClinicLeadership	2026-12-07	10:00 AM	Holiday Season	Pending	TRUE
20261207-IG-075	CommunityBridge Annual Growth Campaign 2026-2027	2026-12-provider-growth-03	Instagram	Growth Needs Systems That Scale	professional growth-focused healthcare graphic, clean white field, subtle upward motion elements, dashboard and team icons, blue-green brand accents, modern polished portrait composition, instagram portrait 4:5, CommunityBridge branding, Year-End Reflection emphasis, headline text Growth Needs Systems That Scale	Growth works better when the system behind it can scale. CommunityBridge helps providers build with more visibility and confidence. Request a demo to learn more.	#CommunityBridge #ProviderGrowth #ABATherapy #HealthcareOperations #ScalableSystems #ClinicLeadership	2026-12-07	10:00 AM	Holiday Season	Pending	TRUE
20261209-FB-076	CommunityBridge Annual Growth Campaign 2026-2027	2026-12-operational-clarity-04	Facebook	Operational Clarity Changes Everything	minimal branded operations graphic, portrait static design, crisp typography, subtle workflow layers and directional lines, clean healthcare-tech atmosphere, blue and green highlight accents, instagram portrait 4:5, CommunityBridge branding, Year-End Reflection emphasis, headline text Operational Clarity Changes Everything	Operational clarity helps teams move faster with less confusion. CommunityBridge brings key workflows into one connected experience so providers can support staff and families more effectively. Request a demo to see how clearer operations can improve the day.	#CommunityBridge #OperationalClarity #ClinicOperations #ABATherapy #WorkflowSupport #HealthcareTechnology	2026-12-09	10:00 AM	Holiday Season	Pending	TRUE
20261209-IG-076	CommunityBridge Annual Growth Campaign 2026-2027	2026-12-operational-clarity-04	Instagram	Operational Clarity Changes Everything	minimal branded operations graphic, portrait static design, crisp typography, subtle workflow layers and directional lines, clean healthcare-tech atmosphere, blue and green highlight accents, instagram portrait 4:5, CommunityBridge branding, Year-End Reflection emphasis, headline text Operational Clarity Changes Everything	Clarity creates momentum. CommunityBridge helps teams simplify operations so the day can run with more confidence. Request a demo to explore the platform.	#CommunityBridge #OperationalClarity #ClinicOperations #ABATherapy #WorkflowSupport #HealthcareTechnology	2026-12-09	10:00 AM	Holiday Season	Pending	TRUE
20261211-FB-077	CommunityBridge Annual Growth Campaign 2026-2027	2026-12-faq-education-05	Facebook	Better Questions Lead To Better Workflows	educational branded social graphic, portrait layout, FAQ card motif, calm healthcare-tech palette, clean whitespace, modern headline and subtle icon accents, instagram portrait 4:5, CommunityBridge branding, Year-End Reflection emphasis, headline text Better Questions Lead To Better Workflows	Sometimes the best workflow improvements start with the right questions. CommunityBridge helps organizations simplify the systems behind communication, scheduling, and day-to-day coordination. Request a demo to see what a more connected workflow could look like.	#CommunityBridge #ABAEducation #HealthcareWorkflow #ABATherapy #OperationsSupport #ProviderTools	2026-12-11	10:00 AM	Holiday Season	Pending	TRUE
20261211-IG-077	CommunityBridge Annual Growth Campaign 2026-2027	2026-12-faq-education-05	Instagram	Better Questions Lead To Better Workflows	educational branded social graphic, portrait layout, FAQ card motif, calm healthcare-tech palette, clean whitespace, modern headline and subtle icon accents, instagram portrait 4:5, CommunityBridge branding, Year-End Reflection emphasis, headline text Better Questions Lead To Better Workflows	Good questions often lead to stronger systems. CommunityBridge helps teams simplify everyday coordination with tools built for clarity. Request a demo to learn more.	#CommunityBridge #ABAEducation #HealthcareWorkflow #ABATherapy #OperationsSupport #ProviderTools	2026-12-11	10:00 AM	Holiday Season	Pending	TRUE
20261214-FB-078	CommunityBridge Annual Growth Campaign 2026-2027	2026-12-demo-cta-06	Facebook	See CommunityBridge In Action	branded promotional static graphic, clean modern healthcare-tech style, subtle app interface cards, green call-to-action accent, white and slate composition, confident headline area, instagram portrait 4:5, CommunityBridge branding, Year-End Reflection emphasis, headline text See CommunityBridge In Action	The best way to understand a stronger workflow is to see it in action. CommunityBridge helps organizations simplify communication, scheduling, coordination, and operational visibility in one connected platform. Request a demo to explore how it could support your team.	#CommunityBridge #RequestADemo #ABATherapy #HealthcareTechnology #CareCoordination #ClinicOperations	2026-12-14	10:00 AM	Holiday Season	Pending	TRUE
20261214-IG-078	CommunityBridge Annual Growth Campaign 2026-2027	2026-12-demo-cta-06	Instagram	See CommunityBridge In Action	branded promotional static graphic, clean modern healthcare-tech style, subtle app interface cards, green call-to-action accent, white and slate composition, confident headline area, instagram portrait 4:5, CommunityBridge branding, Year-End Reflection emphasis, headline text See CommunityBridge In Action	Want to see how a more connected care workflow could look for your team. Request a demo and explore CommunityBridge in action.	#CommunityBridge #RequestADemo #ABATherapy #HealthcareTechnology #CareCoordination #ClinicOperations	2026-12-14	10:00 AM	Holiday Season	Pending	TRUE
20261216-FB-079	CommunityBridge Annual Growth Campaign 2026-2027	2026-12-role-based-dashboards-07	Facebook	Clear Roles Create Better Care Days	clean branded healthcare-tech social graphic, white and slate background with subtle blue-green gradient accents, calm modern layout, abstract connected nodes and dashboard cards, headline centered, CommunityBridge brand feel, instagram portrait 4:5, CommunityBridge branding, Year-End Reflection emphasis, headline text Clear Roles Create Better Care Days	When every role can see what matters most, daily operations get easier to manage. CommunityBridge helps teams reduce confusion, support consistent communication, and keep care moving forward with more clarity. Request a demo to see how a more connected workflow can support your organization.	#CommunityBridge #ABATherapy #CareCoordination #HealthcareTechnology #BCBA #ClinicOperations	2026-12-16	10:00 AM	Holiday Season	Pending	TRUE
20261216-IG-079	CommunityBridge Annual Growth Campaign 2026-2027	2026-12-role-based-dashboards-07	Instagram	Clear Roles Create Better Care Days	clean branded healthcare-tech social graphic, white and slate background with subtle blue-green gradient accents, calm modern layout, abstract connected nodes and dashboard cards, headline centered, CommunityBridge brand feel, instagram portrait 4:5, CommunityBridge branding, Year-End Reflection emphasis, headline text Clear Roles Create Better Care Days	Clear roles make busy care days feel more manageable. CommunityBridge helps teams stay connected, informed, and ready to support families with more confidence. Request a demo to see the workflow in action.	#CommunityBridge #ABATherapy #CareCoordination #HealthcareTechnology #BCBA #ClinicOperations	2026-12-16	10:00 AM	Holiday Season	Pending	TRUE
20261218-FB-080	CommunityBridge Annual Growth Campaign 2026-2027	2026-12-family-communication-08	Facebook	Family Communication Should Feel Simple	static branded portrait social graphic, supportive healthcare-tech style, soft green and blue accents, clean whitespace, subtle message bubbles and family-care icons, modern sans serif typography, calm reassuring composition, instagram portrait 4:5, CommunityBridge branding, Year-End Reflection emphasis, headline text Family Communication Should Feel Simple	Families should not have to guess what comes next. CommunityBridge helps care teams share timely updates, reduce back-and-forth, and create a more confident experience for parents and caregivers. Request a demo to explore a simpler communication workflow.	#CommunityBridge #FamilyCommunication #ABATherapy #CareTeams #ParentSupport #HealthcareWorkflow	2026-12-18	10:00 AM	Holiday Season	Pending	TRUE
20261218-IG-080	CommunityBridge Annual Growth Campaign 2026-2027	2026-12-family-communication-08	Instagram	Family Communication Should Feel Simple	static branded portrait social graphic, supportive healthcare-tech style, soft green and blue accents, clean whitespace, subtle message bubbles and family-care icons, modern sans serif typography, calm reassuring composition, instagram portrait 4:5, CommunityBridge branding, Year-End Reflection emphasis, headline text Family Communication Should Feel Simple	Better family communication starts with clearer systems behind the scenes. CommunityBridge helps providers keep updates timely, simple, and easier for families to trust. Request a demo to learn more.	#CommunityBridge #FamilyCommunication #ABATherapy #CareTeams #ParentSupport #HealthcareWorkflow	2026-12-18	10:00 AM	Holiday Season	Pending	TRUE
20261221-FB-081	CommunityBridge Annual Growth Campaign 2026-2027	2026-12-scheduling-efficiency-09	Facebook	Reflect On What Helped Teams Thrive	branded instagram portrait graphic, operational healthcare layout, minimal calendar grid elements, soft green highlight, navy and slate accents, clean modern headline space, organized and efficient visual tone, instagram portrait 4:5, CommunityBridge branding, Year-End Reflection emphasis, headline text Reflect On What Helped Teams Thrive	Year-end is a natural time to reflect on what helped your team stay aligned, responsive, and consistent. CommunityBridge helps organizations move into the next season with stronger workflows and clearer coordination. Request a demo to explore what comes next.	#CommunityBridge #SchedulingEfficiency #ABATherapy #ClinicOperations #CareCoordination #WorkflowTools #YearEnd #ReflectAndReset	2026-12-21	10:00 AM	Year-End Reflection	Pending	TRUE
20261221-IG-081	CommunityBridge Annual Growth Campaign 2026-2027	2026-12-scheduling-efficiency-09	Instagram	Reflect On What Helped Teams Thrive	branded instagram portrait graphic, operational healthcare layout, minimal calendar grid elements, soft green highlight, navy and slate accents, clean modern headline space, organized and efficient visual tone, instagram portrait 4:5, CommunityBridge branding, Year-End Reflection emphasis, headline text Reflect On What Helped Teams Thrive	Year-end reflection can reveal what helped your team work better together. CommunityBridge supports the clarity and coordination that carry into the next season. Request a demo to learn more.	#CommunityBridge #SchedulingEfficiency #ABATherapy #ClinicOperations #CareCoordination #WorkflowTools #YearEnd #ReflectAndReset	2026-12-21	10:00 AM	Year-End Reflection	Pending	TRUE
20261223-FB-082	CommunityBridge Annual Growth Campaign 2026-2027	2026-12-billing-visibility-10	Facebook	Reflect On What Helped Teams Thrive	professional branded social graphic for healthcare operations, clean white background, subtle billing chart elements, blue-green gradient lines, polished admin-tech style, clear centered headline, instagram portrait 4:5, CommunityBridge branding, Year-End Reflection emphasis, headline text Reflect On What Helped Teams Thrive	Year-end is a natural time to reflect on what helped your team stay aligned, responsive, and consistent. CommunityBridge helps organizations move into the next season with stronger workflows and clearer coordination. Request a demo to explore what comes next.	#CommunityBridge #BillingVisibility #HealthcareTechnology #ABATherapy #AdminEfficiency #OperationsSupport #YearEnd #ReflectAndReset	2026-12-23	10:00 AM	Year-End Reflection	Pending	TRUE
20261223-IG-082	CommunityBridge Annual Growth Campaign 2026-2027	2026-12-billing-visibility-10	Instagram	Reflect On What Helped Teams Thrive	professional branded social graphic for healthcare operations, clean white background, subtle billing chart elements, blue-green gradient lines, polished admin-tech style, clear centered headline, instagram portrait 4:5, CommunityBridge branding, Year-End Reflection emphasis, headline text Reflect On What Helped Teams Thrive	Year-end reflection can reveal what helped your team work better together. CommunityBridge supports the clarity and coordination that carry into the next season. Request a demo to learn more.	#CommunityBridge #BillingVisibility #HealthcareTechnology #ABATherapy #AdminEfficiency #OperationsSupport #YearEnd #ReflectAndReset	2026-12-23	10:00 AM	Year-End Reflection	Pending	TRUE
20261225-FB-083	CommunityBridge Annual Growth Campaign 2026-2027	2026-12-reporting-insights-11	Facebook	Reflect On What Helped Teams Thrive	clean data-informed social graphic, branded healthcare-tech portrait design, subtle report cards and chart accents, calm professional palette, spacious layout, headline prominent and readable, instagram portrait 4:5, CommunityBridge branding, Year-End Reflection emphasis, headline text Reflect On What Helped Teams Thrive	Year-end is a natural time to reflect on what helped your team stay aligned, responsive, and consistent. CommunityBridge helps organizations move into the next season with stronger workflows and clearer coordination. Request a demo to explore what comes next.	#CommunityBridge #ReportingInsights #HealthcareWorkflow #ABATherapy #CareCoordination #OperationalClarity #YearEnd #ReflectAndReset	2026-12-25	10:00 AM	Year-End Reflection	Pending	TRUE
20261225-IG-083	CommunityBridge Annual Growth Campaign 2026-2027	2026-12-reporting-insights-11	Instagram	Reflect On What Helped Teams Thrive	clean data-informed social graphic, branded healthcare-tech portrait design, subtle report cards and chart accents, calm professional palette, spacious layout, headline prominent and readable, instagram portrait 4:5, CommunityBridge branding, Year-End Reflection emphasis, headline text Reflect On What Helped Teams Thrive	Year-end reflection can reveal what helped your team work better together. CommunityBridge supports the clarity and coordination that carry into the next season. Request a demo to learn more.	#CommunityBridge #ReportingInsights #HealthcareWorkflow #ABATherapy #CareCoordination #OperationalClarity #YearEnd #ReflectAndReset	2026-12-25	10:00 AM	Year-End Reflection	Pending	TRUE
20261228-FB-084	CommunityBridge Annual Growth Campaign 2026-2027	2026-12-admin-time-savings-12	Facebook	Reflect On What Helped Teams Thrive	static branded promo graphic, calm admin efficiency theme, white background, layered blue and green curves, checklist and workflow icons, modern clean typography, polished and practical, instagram portrait 4:5, CommunityBridge branding, Year-End Reflection emphasis, headline text Reflect On What Helped Teams Thrive	Year-end is a natural time to reflect on what helped your team stay aligned, responsive, and consistent. CommunityBridge helps organizations move into the next season with stronger workflows and clearer coordination. Request a demo to explore what comes next.	#CommunityBridge #AdminEfficiency #CareCoordination #ABATherapy #HealthcareTechnology #TeamSupport #YearEnd #ReflectAndReset	2026-12-28	10:00 AM	Year-End Reflection	Pending	TRUE
20261228-IG-084	CommunityBridge Annual Growth Campaign 2026-2027	2026-12-admin-time-savings-12	Instagram	Reflect On What Helped Teams Thrive	static branded promo graphic, calm admin efficiency theme, white background, layered blue and green curves, checklist and workflow icons, modern clean typography, polished and practical, instagram portrait 4:5, CommunityBridge branding, Year-End Reflection emphasis, headline text Reflect On What Helped Teams Thrive	Year-end reflection can reveal what helped your team work better together. CommunityBridge supports the clarity and coordination that carry into the next season. Request a demo to learn more.	#CommunityBridge #AdminEfficiency #CareCoordination #ABATherapy #HealthcareTechnology #TeamSupport #YearEnd #ReflectAndReset	2026-12-28	10:00 AM	Year-End Reflection	Pending	TRUE
20270101-FB-085	CommunityBridge Annual Growth Campaign 2026-2027	2027-01-parent-trust-01	Facebook	A New Year Starts With Clear Systems	supportive branded social graphic, family trust theme, clean portrait layout, soft green and blue arcs, subtle family silhouettes or icons, modern calming typography, instagram portrait 4:5, CommunityBridge branding, New Year Reset emphasis, headline text A New Year Starts With Clear Systems	A new year often starts with a new focus on clarity, consistency, and stronger systems. CommunityBridge helps organizations begin the year with better communication, scheduling, and operational visibility. Request a demo to see how the platform supports your team.	#CommunityBridge #ParentTrust #FamilySupport #ABATherapy #CareTeams #HealthcareTechnology #NewYear #OperationalReset	2027-01-01	10:00 AM	New Year	Pending	TRUE
20270101-IG-085	CommunityBridge Annual Growth Campaign 2026-2027	2027-01-parent-trust-01	Instagram	A New Year Starts With Clear Systems	supportive branded social graphic, family trust theme, clean portrait layout, soft green and blue arcs, subtle family silhouettes or icons, modern calming typography, instagram portrait 4:5, CommunityBridge branding, New Year Reset emphasis, headline text A New Year Starts With Clear Systems	A new year is a good time to build stronger systems behind everyday care. CommunityBridge helps teams start with more clarity and coordination. Request a demo to explore the platform.	#CommunityBridge #ParentTrust #FamilySupport #ABATherapy #CareTeams #HealthcareTechnology #NewYear #OperationalReset	2027-01-01	10:00 AM	New Year	Pending	TRUE
20270104-FB-086	CommunityBridge Annual Growth Campaign 2026-2027	2027-01-provider-growth-02	Facebook	A New Year Starts With Clear Systems	professional growth-focused healthcare graphic, clean white field, subtle upward motion elements, dashboard and team icons, blue-green brand accents, modern polished portrait composition, instagram portrait 4:5, CommunityBridge branding, New Year Reset emphasis, headline text A New Year Starts With Clear Systems	A new year often starts with a new focus on clarity, consistency, and stronger systems. CommunityBridge helps organizations begin the year with better communication, scheduling, and operational visibility. Request a demo to see how the platform supports your team.	#CommunityBridge #ProviderGrowth #ABATherapy #HealthcareOperations #ScalableSystems #ClinicLeadership #NewYear #OperationalReset	2027-01-04	10:00 AM	New Year	Pending	TRUE
20270104-IG-086	CommunityBridge Annual Growth Campaign 2026-2027	2027-01-provider-growth-02	Instagram	A New Year Starts With Clear Systems	professional growth-focused healthcare graphic, clean white field, subtle upward motion elements, dashboard and team icons, blue-green brand accents, modern polished portrait composition, instagram portrait 4:5, CommunityBridge branding, New Year Reset emphasis, headline text A New Year Starts With Clear Systems	A new year is a good time to build stronger systems behind everyday care. CommunityBridge helps teams start with more clarity and coordination. Request a demo to explore the platform.	#CommunityBridge #ProviderGrowth #ABATherapy #HealthcareOperations #ScalableSystems #ClinicLeadership #NewYear #OperationalReset	2027-01-04	10:00 AM	New Year	Pending	TRUE
20270106-FB-087	CommunityBridge Annual Growth Campaign 2026-2027	2027-01-operational-clarity-03	Facebook	Operational Clarity Changes Everything	minimal branded operations graphic, portrait static design, crisp typography, subtle workflow layers and directional lines, clean healthcare-tech atmosphere, blue and green highlight accents, instagram portrait 4:5, CommunityBridge branding, New Year Reset emphasis, headline text Operational Clarity Changes Everything	Operational clarity helps teams move faster with less confusion. CommunityBridge brings key workflows into one connected experience so providers can support staff and families more effectively. Request a demo to see how clearer operations can improve the day. This season is a good time to focus on new year planning and operational reset.	#CommunityBridge #OperationalClarity #ClinicOperations #ABATherapy #WorkflowSupport #HealthcareTechnology	2027-01-06	10:00 AM	None	Pending	TRUE
20270106-IG-087	CommunityBridge Annual Growth Campaign 2026-2027	2027-01-operational-clarity-03	Instagram	Operational Clarity Changes Everything	minimal branded operations graphic, portrait static design, crisp typography, subtle workflow layers and directional lines, clean healthcare-tech atmosphere, blue and green highlight accents, instagram portrait 4:5, CommunityBridge branding, New Year Reset emphasis, headline text Operational Clarity Changes Everything	Clarity creates momentum. CommunityBridge helps teams simplify operations so the day can run with more confidence. Request a demo to explore the platform. This season is all about new year planning and operational reset.	#CommunityBridge #OperationalClarity #ClinicOperations #ABATherapy #WorkflowSupport #HealthcareTechnology	2027-01-06	10:00 AM	None	Pending	TRUE
20270108-FB-088	CommunityBridge Annual Growth Campaign 2026-2027	2027-01-faq-education-04	Facebook	Better Questions Lead To Better Workflows	educational branded social graphic, portrait layout, FAQ card motif, calm healthcare-tech palette, clean whitespace, modern headline and subtle icon accents, instagram portrait 4:5, CommunityBridge branding, New Year Reset emphasis, headline text Better Questions Lead To Better Workflows	Sometimes the best workflow improvements start with the right questions. CommunityBridge helps organizations simplify the systems behind communication, scheduling, and day-to-day coordination. Request a demo to see what a more connected workflow could look like. This season is a good time to focus on new year planning and operational reset.	#CommunityBridge #ABAEducation #HealthcareWorkflow #ABATherapy #OperationsSupport #ProviderTools	2027-01-08	10:00 AM	None	Pending	TRUE
20270108-IG-088	CommunityBridge Annual Growth Campaign 2026-2027	2027-01-faq-education-04	Instagram	Better Questions Lead To Better Workflows	educational branded social graphic, portrait layout, FAQ card motif, calm healthcare-tech palette, clean whitespace, modern headline and subtle icon accents, instagram portrait 4:5, CommunityBridge branding, New Year Reset emphasis, headline text Better Questions Lead To Better Workflows	Good questions often lead to stronger systems. CommunityBridge helps teams simplify everyday coordination with tools built for clarity. Request a demo to learn more. This season is all about new year planning and operational reset.	#CommunityBridge #ABAEducation #HealthcareWorkflow #ABATherapy #OperationsSupport #ProviderTools	2027-01-08	10:00 AM	None	Pending	TRUE
20270111-FB-089	CommunityBridge Annual Growth Campaign 2026-2027	2027-01-demo-cta-05	Facebook	See CommunityBridge In Action	branded promotional static graphic, clean modern healthcare-tech style, subtle app interface cards, green call-to-action accent, white and slate composition, confident headline area, instagram portrait 4:5, CommunityBridge branding, New Year Reset emphasis, headline text See CommunityBridge In Action	The best way to understand a stronger workflow is to see it in action. CommunityBridge helps organizations simplify communication, scheduling, coordination, and operational visibility in one connected platform. Request a demo to explore how it could support your team. This season is a good time to focus on new year planning and operational reset.	#CommunityBridge #RequestADemo #ABATherapy #HealthcareTechnology #CareCoordination #ClinicOperations	2027-01-11	10:00 AM	None	Pending	TRUE
20270111-IG-089	CommunityBridge Annual Growth Campaign 2026-2027	2027-01-demo-cta-05	Instagram	See CommunityBridge In Action	branded promotional static graphic, clean modern healthcare-tech style, subtle app interface cards, green call-to-action accent, white and slate composition, confident headline area, instagram portrait 4:5, CommunityBridge branding, New Year Reset emphasis, headline text See CommunityBridge In Action	Want to see how a more connected care workflow could look for your team. Request a demo and explore CommunityBridge in action. This season is all about new year planning and operational reset.	#CommunityBridge #RequestADemo #ABATherapy #HealthcareTechnology #CareCoordination #ClinicOperations	2027-01-11	10:00 AM	None	Pending	TRUE
20270113-FB-090	CommunityBridge Annual Growth Campaign 2026-2027	2027-01-role-based-dashboards-06	Facebook	Clear Roles Create Better Care Days	clean branded healthcare-tech social graphic, white and slate background with subtle blue-green gradient accents, calm modern layout, abstract connected nodes and dashboard cards, headline centered, CommunityBridge brand feel, instagram portrait 4:5, CommunityBridge branding, New Year Reset emphasis, headline text Clear Roles Create Better Care Days	When every role can see what matters most, daily operations get easier to manage. CommunityBridge helps teams reduce confusion, support consistent communication, and keep care moving forward with more clarity. Request a demo to see how a more connected workflow can support your organization. This season is a good time to focus on new year planning and operational reset.	#CommunityBridge #ABATherapy #CareCoordination #HealthcareTechnology #BCBA #ClinicOperations	2027-01-13	10:00 AM	None	Pending	TRUE
20270113-IG-090	CommunityBridge Annual Growth Campaign 2026-2027	2027-01-role-based-dashboards-06	Instagram	Clear Roles Create Better Care Days	clean branded healthcare-tech social graphic, white and slate background with subtle blue-green gradient accents, calm modern layout, abstract connected nodes and dashboard cards, headline centered, CommunityBridge brand feel, instagram portrait 4:5, CommunityBridge branding, New Year Reset emphasis, headline text Clear Roles Create Better Care Days	Clear roles make busy care days feel more manageable. CommunityBridge helps teams stay connected, informed, and ready to support families with more confidence. Request a demo to see the workflow in action. This season is all about new year planning and operational reset.	#CommunityBridge #ABATherapy #CareCoordination #HealthcareTechnology #BCBA #ClinicOperations	2027-01-13	10:00 AM	None	Pending	TRUE
20270115-FB-091	CommunityBridge Annual Growth Campaign 2026-2027	2027-01-family-communication-07	Facebook	Family Communication Should Feel Simple	static branded portrait social graphic, supportive healthcare-tech style, soft green and blue accents, clean whitespace, subtle message bubbles and family-care icons, modern sans serif typography, calm reassuring composition, instagram portrait 4:5, CommunityBridge branding, New Year Reset emphasis, headline text Family Communication Should Feel Simple	Families should not have to guess what comes next. CommunityBridge helps care teams share timely updates, reduce back-and-forth, and create a more confident experience for parents and caregivers. Request a demo to explore a simpler communication workflow. This season is a good time to focus on new year planning and operational reset.	#CommunityBridge #FamilyCommunication #ABATherapy #CareTeams #ParentSupport #HealthcareWorkflow	2027-01-15	10:00 AM	None	Pending	TRUE
20270115-IG-091	CommunityBridge Annual Growth Campaign 2026-2027	2027-01-family-communication-07	Instagram	Family Communication Should Feel Simple	static branded portrait social graphic, supportive healthcare-tech style, soft green and blue accents, clean whitespace, subtle message bubbles and family-care icons, modern sans serif typography, calm reassuring composition, instagram portrait 4:5, CommunityBridge branding, New Year Reset emphasis, headline text Family Communication Should Feel Simple	Better family communication starts with clearer systems behind the scenes. CommunityBridge helps providers keep updates timely, simple, and easier for families to trust. Request a demo to learn more. This season is all about new year planning and operational reset.	#CommunityBridge #FamilyCommunication #ABATherapy #CareTeams #ParentSupport #HealthcareWorkflow	2027-01-15	10:00 AM	None	Pending	TRUE
20270118-FB-092	CommunityBridge Annual Growth Campaign 2026-2027	2027-01-scheduling-efficiency-08	Facebook	Better Schedules Support Better Days	branded instagram portrait graphic, operational healthcare layout, minimal calendar grid elements, soft green highlight, navy and slate accents, clean modern headline space, organized and efficient visual tone, instagram portrait 4:5, CommunityBridge branding, New Year Reset emphasis, headline text Better Schedules Support Better Days	Scheduling is more than filling a calendar. CommunityBridge helps providers coordinate staff, reduce friction, and create smoother days for clinicians, office teams, and families alike. Request a demo to see a more efficient scheduling workflow. This season is a good time to focus on new year planning and operational reset.	#CommunityBridge #SchedulingEfficiency #ABATherapy #ClinicOperations #CareCoordination #WorkflowTools	2027-01-18	10:00 AM	None	Pending	TRUE
20270118-IG-092	CommunityBridge Annual Growth Campaign 2026-2027	2027-01-scheduling-efficiency-08	Instagram	Better Schedules Support Better Days	branded instagram portrait graphic, operational healthcare layout, minimal calendar grid elements, soft green highlight, navy and slate accents, clean modern headline space, organized and efficient visual tone, instagram portrait 4:5, CommunityBridge branding, New Year Reset emphasis, headline text Better Schedules Support Better Days	A stronger schedule helps everyone move with less friction. CommunityBridge supports clearer planning, smoother handoffs, and better daily coordination. Request a demo to see the difference. This season is all about new year planning and operational reset.	#CommunityBridge #SchedulingEfficiency #ABATherapy #ClinicOperations #CareCoordination #WorkflowTools	2027-01-18	10:00 AM	None	Pending	TRUE
20270120-FB-093	CommunityBridge Annual Growth Campaign 2026-2027	2027-01-billing-visibility-09	Facebook	Visibility Turns Billing Into Action	professional branded social graphic for healthcare operations, clean white background, subtle billing chart elements, blue-green gradient lines, polished admin-tech style, clear centered headline, instagram portrait 4:5, CommunityBridge branding, New Year Reset emphasis, headline text Visibility Turns Billing Into Action	When billing details are easier to track, teams can respond faster and plan with more confidence. CommunityBridge helps organizations improve visibility across operational workflows so fewer details get lost. Request a demo to explore smarter coordination. This season is a good time to focus on new year planning and operational reset.	#CommunityBridge #BillingVisibility #HealthcareTechnology #ABATherapy #AdminEfficiency #OperationsSupport	2027-01-20	10:00 AM	None	Pending	TRUE
20270120-IG-093	CommunityBridge Annual Growth Campaign 2026-2027	2027-01-billing-visibility-09	Instagram	Visibility Turns Billing Into Action	professional branded social graphic for healthcare operations, clean white background, subtle billing chart elements, blue-green gradient lines, polished admin-tech style, clear centered headline, instagram portrait 4:5, CommunityBridge branding, New Year Reset emphasis, headline text Visibility Turns Billing Into Action	More visibility means fewer surprises. CommunityBridge helps teams stay on top of operational details with clearer workflows and stronger follow-through. Request a demo to learn more. This season is all about new year planning and operational reset.	#CommunityBridge #BillingVisibility #HealthcareTechnology #ABATherapy #AdminEfficiency #OperationsSupport	2027-01-20	10:00 AM	None	Pending	TRUE
20270122-FB-094	CommunityBridge Annual Growth Campaign 2026-2027	2027-01-reporting-insights-10	Facebook	Reporting Should Support Better Decisions	clean data-informed social graphic, branded healthcare-tech portrait design, subtle report cards and chart accents, calm professional palette, spacious layout, headline prominent and readable, instagram portrait 4:5, CommunityBridge branding, New Year Reset emphasis, headline text Reporting Should Support Better Decisions	Good reporting should help teams act, not slow them down. CommunityBridge supports better visibility into the information providers need so decisions can feel more timely, aligned, and practical. Request a demo to see how reporting workflows can work better. This season is a good time to focus on new year planning and operational reset.	#CommunityBridge #ReportingInsights #HealthcareWorkflow #ABATherapy #CareCoordination #OperationalClarity	2027-01-22	10:00 AM	None	Pending	TRUE
20270122-IG-094	CommunityBridge Annual Growth Campaign 2026-2027	2027-01-reporting-insights-10	Instagram	Reporting Should Support Better Decisions	clean data-informed social graphic, branded healthcare-tech portrait design, subtle report cards and chart accents, calm professional palette, spacious layout, headline prominent and readable, instagram portrait 4:5, CommunityBridge branding, New Year Reset emphasis, headline text Reporting Should Support Better Decisions	Better reporting leads to better next steps. CommunityBridge helps teams turn information into action with more clarity and less guesswork. Request a demo to explore the workflow. This season is all about new year planning and operational reset.	#CommunityBridge #ReportingInsights #HealthcareWorkflow #ABATherapy #CareCoordination #OperationalClarity	2027-01-22	10:00 AM	None	Pending	TRUE
20270125-FB-095	CommunityBridge Annual Growth Campaign 2026-2027	2027-01-admin-time-savings-11	Facebook	Save Time Where It Matters Most	static branded promo graphic, calm admin efficiency theme, white background, layered blue and green curves, checklist and workflow icons, modern clean typography, polished and practical, instagram portrait 4:5, CommunityBridge branding, New Year Reset emphasis, headline text Save Time Where It Matters Most	When administrative work becomes more manageable, teams get more room to focus on people. CommunityBridge helps organizations simplify coordination and reduce workflow drag across everyday tasks. Request a demo to see how your team could save time. This season is a good time to focus on new year planning and operational reset.	#CommunityBridge #AdminEfficiency #CareCoordination #ABATherapy #HealthcareTechnology #TeamSupport	2027-01-25	10:00 AM	None	Pending	TRUE
20270125-IG-095	CommunityBridge Annual Growth Campaign 2026-2027	2027-01-admin-time-savings-11	Instagram	Save Time Where It Matters Most	static branded promo graphic, calm admin efficiency theme, white background, layered blue and green curves, checklist and workflow icons, modern clean typography, polished and practical, instagram portrait 4:5, CommunityBridge branding, New Year Reset emphasis, headline text Save Time Where It Matters Most	Less admin friction creates more room for meaningful work. CommunityBridge helps teams streamline the tasks that shape every day. Request a demo to see how it works. This season is all about new year planning and operational reset.	#CommunityBridge #AdminEfficiency #CareCoordination #ABATherapy #HealthcareTechnology #TeamSupport	2027-01-25	10:00 AM	None	Pending	TRUE
20270127-FB-096	CommunityBridge Annual Growth Campaign 2026-2027	2027-01-care-team-coordination-12	Facebook	Connected Teams Create Calmer Days	branded care coordination graphic, portrait format, soft blue-green gradients, connected team icons, welcoming healthcare-tech aesthetic, balanced spacing, strong centered headline, instagram portrait 4:5, CommunityBridge branding, New Year Reset emphasis, headline text Connected Teams Create Calmer Days	Care feels stronger when teams are aligned. CommunityBridge helps clinicians, administrators, and family-facing staff stay coordinated so important details reach the right people at the right time. Request a demo to explore a more connected approach. This season is a good time to focus on new year planning and operational reset.	#CommunityBridge #CareCoordination #ABATherapy #TeamCommunication #HealthcareWorkflow #ProviderSupport	2027-01-27	10:00 AM	None	Pending	TRUE
20270127-IG-096	CommunityBridge Annual Growth Campaign 2026-2027	2027-01-care-team-coordination-12	Instagram	Connected Teams Create Calmer Days	branded care coordination graphic, portrait format, soft blue-green gradients, connected team icons, welcoming healthcare-tech aesthetic, balanced spacing, strong centered headline, instagram portrait 4:5, CommunityBridge branding, New Year Reset emphasis, headline text Connected Teams Create Calmer Days	Connected teams can support families with more consistency and less stress. CommunityBridge helps bring the right people and information together. Request a demo to learn more. This season is all about new year planning and operational reset.	#CommunityBridge #CareCoordination #ABATherapy #TeamCommunication #HealthcareWorkflow #ProviderSupport	2027-01-27	10:00 AM	None	Pending	TRUE
20270201-FB-097	CommunityBridge Annual Growth Campaign 2026-2027	2027-02-provider-growth-01	Facebook	Growth Needs Systems That Scale	professional growth-focused healthcare graphic, clean white field, subtle upward motion elements, dashboard and team icons, blue-green brand accents, modern polished portrait composition, instagram portrait 4:5, CommunityBridge branding, Team Trust emphasis, headline text Growth Needs Systems That Scale	As organizations grow, the need for consistent systems grows with them. CommunityBridge helps providers support expansion without losing visibility, communication, or operational confidence. Request a demo to explore scalable coordination. This season is a good time to focus on team trust and stronger family connection.	#CommunityBridge #ProviderGrowth #ABATherapy #HealthcareOperations #ScalableSystems #ClinicLeadership	2027-02-01	10:00 AM	None	Pending	TRUE
20270201-IG-097	CommunityBridge Annual Growth Campaign 2026-2027	2027-02-provider-growth-01	Instagram	Growth Needs Systems That Scale	professional growth-focused healthcare graphic, clean white field, subtle upward motion elements, dashboard and team icons, blue-green brand accents, modern polished portrait composition, instagram portrait 4:5, CommunityBridge branding, Team Trust emphasis, headline text Growth Needs Systems That Scale	Growth works better when the system behind it can scale. CommunityBridge helps providers build with more visibility and confidence. Request a demo to learn more. This season is all about team trust and stronger family connection.	#CommunityBridge #ProviderGrowth #ABATherapy #HealthcareOperations #ScalableSystems #ClinicLeadership	2027-02-01	10:00 AM	None	Pending	TRUE
20270203-FB-098	CommunityBridge Annual Growth Campaign 2026-2027	2027-02-operational-clarity-02	Facebook	Operational Clarity Changes Everything	minimal branded operations graphic, portrait static design, crisp typography, subtle workflow layers and directional lines, clean healthcare-tech atmosphere, blue and green highlight accents, instagram portrait 4:5, CommunityBridge branding, Team Trust emphasis, headline text Operational Clarity Changes Everything	Operational clarity helps teams move faster with less confusion. CommunityBridge brings key workflows into one connected experience so providers can support staff and families more effectively. Request a demo to see how clearer operations can improve the day. This season is a good time to focus on team trust and stronger family connection.	#CommunityBridge #OperationalClarity #ClinicOperations #ABATherapy #WorkflowSupport #HealthcareTechnology	2027-02-03	10:00 AM	None	Pending	TRUE
20270203-IG-098	CommunityBridge Annual Growth Campaign 2026-2027	2027-02-operational-clarity-02	Instagram	Operational Clarity Changes Everything	minimal branded operations graphic, portrait static design, crisp typography, subtle workflow layers and directional lines, clean healthcare-tech atmosphere, blue and green highlight accents, instagram portrait 4:5, CommunityBridge branding, Team Trust emphasis, headline text Operational Clarity Changes Everything	Clarity creates momentum. CommunityBridge helps teams simplify operations so the day can run with more confidence. Request a demo to explore the platform. This season is all about team trust and stronger family connection.	#CommunityBridge #OperationalClarity #ClinicOperations #ABATherapy #WorkflowSupport #HealthcareTechnology	2027-02-03	10:00 AM	None	Pending	TRUE
20270205-FB-099	CommunityBridge Annual Growth Campaign 2026-2027	2027-02-faq-education-03	Facebook	Better Questions Lead To Better Workflows	educational branded social graphic, portrait layout, FAQ card motif, calm healthcare-tech palette, clean whitespace, modern headline and subtle icon accents, instagram portrait 4:5, CommunityBridge branding, Team Trust emphasis, headline text Better Questions Lead To Better Workflows	Sometimes the best workflow improvements start with the right questions. CommunityBridge helps organizations simplify the systems behind communication, scheduling, and day-to-day coordination. Request a demo to see what a more connected workflow could look like. This season is a good time to focus on team trust and stronger family connection.	#CommunityBridge #ABAEducation #HealthcareWorkflow #ABATherapy #OperationsSupport #ProviderTools	2027-02-05	10:00 AM	None	Pending	TRUE
20270205-IG-099	CommunityBridge Annual Growth Campaign 2026-2027	2027-02-faq-education-03	Instagram	Better Questions Lead To Better Workflows	educational branded social graphic, portrait layout, FAQ card motif, calm healthcare-tech palette, clean whitespace, modern headline and subtle icon accents, instagram portrait 4:5, CommunityBridge branding, Team Trust emphasis, headline text Better Questions Lead To Better Workflows	Good questions often lead to stronger systems. CommunityBridge helps teams simplify everyday coordination with tools built for clarity. Request a demo to learn more. This season is all about team trust and stronger family connection.	#CommunityBridge #ABAEducation #HealthcareWorkflow #ABATherapy #OperationsSupport #ProviderTools	2027-02-05	10:00 AM	None	Pending	TRUE
20270208-FB-100	CommunityBridge Annual Growth Campaign 2026-2027	2027-02-demo-cta-04	Facebook	See CommunityBridge In Action	branded promotional static graphic, clean modern healthcare-tech style, subtle app interface cards, green call-to-action accent, white and slate composition, confident headline area, instagram portrait 4:5, CommunityBridge branding, Team Trust emphasis, headline text See CommunityBridge In Action	The best way to understand a stronger workflow is to see it in action. CommunityBridge helps organizations simplify communication, scheduling, coordination, and operational visibility in one connected platform. Request a demo to explore how it could support your team. This season is a good time to focus on team trust and stronger family connection.	#CommunityBridge #RequestADemo #ABATherapy #HealthcareTechnology #CareCoordination #ClinicOperations	2027-02-08	10:00 AM	None	Pending	TRUE
20270208-IG-100	CommunityBridge Annual Growth Campaign 2026-2027	2027-02-demo-cta-04	Instagram	See CommunityBridge In Action	branded promotional static graphic, clean modern healthcare-tech style, subtle app interface cards, green call-to-action accent, white and slate composition, confident headline area, instagram portrait 4:5, CommunityBridge branding, Team Trust emphasis, headline text See CommunityBridge In Action	Want to see how a more connected care workflow could look for your team. Request a demo and explore CommunityBridge in action. This season is all about team trust and stronger family connection.	#CommunityBridge #RequestADemo #ABATherapy #HealthcareTechnology #CareCoordination #ClinicOperations	2027-02-08	10:00 AM	None	Pending	TRUE
20270210-FB-101	CommunityBridge Annual Growth Campaign 2026-2027	2027-02-role-based-dashboards-05	Facebook	Clear Roles Create Better Care Days	clean branded healthcare-tech social graphic, white and slate background with subtle blue-green gradient accents, calm modern layout, abstract connected nodes and dashboard cards, headline centered, CommunityBridge brand feel, instagram portrait 4:5, CommunityBridge branding, Team Trust emphasis, headline text Clear Roles Create Better Care Days	When every role can see what matters most, daily operations get easier to manage. CommunityBridge helps teams reduce confusion, support consistent communication, and keep care moving forward with more clarity. Request a demo to see how a more connected workflow can support your organization. This season is a good time to focus on team trust and stronger family connection.	#CommunityBridge #ABATherapy #CareCoordination #HealthcareTechnology #BCBA #ClinicOperations	2027-02-10	10:00 AM	None	Pending	TRUE
20270210-IG-101	CommunityBridge Annual Growth Campaign 2026-2027	2027-02-role-based-dashboards-05	Instagram	Clear Roles Create Better Care Days	clean branded healthcare-tech social graphic, white and slate background with subtle blue-green gradient accents, calm modern layout, abstract connected nodes and dashboard cards, headline centered, CommunityBridge brand feel, instagram portrait 4:5, CommunityBridge branding, Team Trust emphasis, headline text Clear Roles Create Better Care Days	Clear roles make busy care days feel more manageable. CommunityBridge helps teams stay connected, informed, and ready to support families with more confidence. Request a demo to see the workflow in action. This season is all about team trust and stronger family connection.	#CommunityBridge #ABATherapy #CareCoordination #HealthcareTechnology #BCBA #ClinicOperations	2027-02-10	10:00 AM	None	Pending	TRUE
20270212-FB-102	CommunityBridge Annual Growth Campaign 2026-2027	2027-02-family-communication-06	Facebook	Family Communication Should Feel Simple	static branded portrait social graphic, supportive healthcare-tech style, soft green and blue accents, clean whitespace, subtle message bubbles and family-care icons, modern sans serif typography, calm reassuring composition, instagram portrait 4:5, CommunityBridge branding, Team Trust emphasis, headline text Family Communication Should Feel Simple	Families should not have to guess what comes next. CommunityBridge helps care teams share timely updates, reduce back-and-forth, and create a more confident experience for parents and caregivers. Request a demo to explore a simpler communication workflow. This season is a good time to focus on team trust and stronger family connection.	#CommunityBridge #FamilyCommunication #ABATherapy #CareTeams #ParentSupport #HealthcareWorkflow	2027-02-12	10:00 AM	None	Pending	TRUE
20270212-IG-102	CommunityBridge Annual Growth Campaign 2026-2027	2027-02-family-communication-06	Instagram	Family Communication Should Feel Simple	static branded portrait social graphic, supportive healthcare-tech style, soft green and blue accents, clean whitespace, subtle message bubbles and family-care icons, modern sans serif typography, calm reassuring composition, instagram portrait 4:5, CommunityBridge branding, Team Trust emphasis, headline text Family Communication Should Feel Simple	Better family communication starts with clearer systems behind the scenes. CommunityBridge helps providers keep updates timely, simple, and easier for families to trust. Request a demo to learn more. This season is all about team trust and stronger family connection.	#CommunityBridge #FamilyCommunication #ABATherapy #CareTeams #ParentSupport #HealthcareWorkflow	2027-02-12	10:00 AM	None	Pending	TRUE
20270215-FB-103	CommunityBridge Annual Growth Campaign 2026-2027	2027-02-scheduling-efficiency-07	Facebook	Better Schedules Support Better Days	branded instagram portrait graphic, operational healthcare layout, minimal calendar grid elements, soft green highlight, navy and slate accents, clean modern headline space, organized and efficient visual tone, instagram portrait 4:5, CommunityBridge branding, Team Trust emphasis, headline text Better Schedules Support Better Days	Scheduling is more than filling a calendar. CommunityBridge helps providers coordinate staff, reduce friction, and create smoother days for clinicians, office teams, and families alike. Request a demo to see a more efficient scheduling workflow. This season is a good time to focus on team trust and stronger family connection.	#CommunityBridge #SchedulingEfficiency #ABATherapy #ClinicOperations #CareCoordination #WorkflowTools	2027-02-15	10:00 AM	None	Pending	TRUE
20270215-IG-103	CommunityBridge Annual Growth Campaign 2026-2027	2027-02-scheduling-efficiency-07	Instagram	Better Schedules Support Better Days	branded instagram portrait graphic, operational healthcare layout, minimal calendar grid elements, soft green highlight, navy and slate accents, clean modern headline space, organized and efficient visual tone, instagram portrait 4:5, CommunityBridge branding, Team Trust emphasis, headline text Better Schedules Support Better Days	A stronger schedule helps everyone move with less friction. CommunityBridge supports clearer planning, smoother handoffs, and better daily coordination. Request a demo to see the difference. This season is all about team trust and stronger family connection.	#CommunityBridge #SchedulingEfficiency #ABATherapy #ClinicOperations #CareCoordination #WorkflowTools	2027-02-15	10:00 AM	None	Pending	TRUE
20270217-FB-104	CommunityBridge Annual Growth Campaign 2026-2027	2027-02-billing-visibility-08	Facebook	Visibility Turns Billing Into Action	professional branded social graphic for healthcare operations, clean white background, subtle billing chart elements, blue-green gradient lines, polished admin-tech style, clear centered headline, instagram portrait 4:5, CommunityBridge branding, Team Trust emphasis, headline text Visibility Turns Billing Into Action	When billing details are easier to track, teams can respond faster and plan with more confidence. CommunityBridge helps organizations improve visibility across operational workflows so fewer details get lost. Request a demo to explore smarter coordination. This season is a good time to focus on team trust and stronger family connection.	#CommunityBridge #BillingVisibility #HealthcareTechnology #ABATherapy #AdminEfficiency #OperationsSupport	2027-02-17	10:00 AM	None	Pending	TRUE
20270217-IG-104	CommunityBridge Annual Growth Campaign 2026-2027	2027-02-billing-visibility-08	Instagram	Visibility Turns Billing Into Action	professional branded social graphic for healthcare operations, clean white background, subtle billing chart elements, blue-green gradient lines, polished admin-tech style, clear centered headline, instagram portrait 4:5, CommunityBridge branding, Team Trust emphasis, headline text Visibility Turns Billing Into Action	More visibility means fewer surprises. CommunityBridge helps teams stay on top of operational details with clearer workflows and stronger follow-through. Request a demo to learn more. This season is all about team trust and stronger family connection.	#CommunityBridge #BillingVisibility #HealthcareTechnology #ABATherapy #AdminEfficiency #OperationsSupport	2027-02-17	10:00 AM	None	Pending	TRUE
20270219-FB-105	CommunityBridge Annual Growth Campaign 2026-2027	2027-02-reporting-insights-09	Facebook	Reporting Should Support Better Decisions	clean data-informed social graphic, branded healthcare-tech portrait design, subtle report cards and chart accents, calm professional palette, spacious layout, headline prominent and readable, instagram portrait 4:5, CommunityBridge branding, Team Trust emphasis, headline text Reporting Should Support Better Decisions	Good reporting should help teams act, not slow them down. CommunityBridge supports better visibility into the information providers need so decisions can feel more timely, aligned, and practical. Request a demo to see how reporting workflows can work better. This season is a good time to focus on team trust and stronger family connection.	#CommunityBridge #ReportingInsights #HealthcareWorkflow #ABATherapy #CareCoordination #OperationalClarity	2027-02-19	10:00 AM	None	Pending	TRUE
20270219-IG-105	CommunityBridge Annual Growth Campaign 2026-2027	2027-02-reporting-insights-09	Instagram	Reporting Should Support Better Decisions	clean data-informed social graphic, branded healthcare-tech portrait design, subtle report cards and chart accents, calm professional palette, spacious layout, headline prominent and readable, instagram portrait 4:5, CommunityBridge branding, Team Trust emphasis, headline text Reporting Should Support Better Decisions	Better reporting leads to better next steps. CommunityBridge helps teams turn information into action with more clarity and less guesswork. Request a demo to explore the workflow. This season is all about team trust and stronger family connection.	#CommunityBridge #ReportingInsights #HealthcareWorkflow #ABATherapy #CareCoordination #OperationalClarity	2027-02-19	10:00 AM	None	Pending	TRUE
20270222-FB-106	CommunityBridge Annual Growth Campaign 2026-2027	2027-02-admin-time-savings-10	Facebook	Save Time Where It Matters Most	static branded promo graphic, calm admin efficiency theme, white background, layered blue and green curves, checklist and workflow icons, modern clean typography, polished and practical, instagram portrait 4:5, CommunityBridge branding, Team Trust emphasis, headline text Save Time Where It Matters Most	When administrative work becomes more manageable, teams get more room to focus on people. CommunityBridge helps organizations simplify coordination and reduce workflow drag across everyday tasks. Request a demo to see how your team could save time. This season is a good time to focus on team trust and stronger family connection.	#CommunityBridge #AdminEfficiency #CareCoordination #ABATherapy #HealthcareTechnology #TeamSupport	2027-02-22	10:00 AM	None	Pending	TRUE
20270222-IG-106	CommunityBridge Annual Growth Campaign 2026-2027	2027-02-admin-time-savings-10	Instagram	Save Time Where It Matters Most	static branded promo graphic, calm admin efficiency theme, white background, layered blue and green curves, checklist and workflow icons, modern clean typography, polished and practical, instagram portrait 4:5, CommunityBridge branding, Team Trust emphasis, headline text Save Time Where It Matters Most	Less admin friction creates more room for meaningful work. CommunityBridge helps teams streamline the tasks that shape every day. Request a demo to see how it works. This season is all about team trust and stronger family connection.	#CommunityBridge #AdminEfficiency #CareCoordination #ABATherapy #HealthcareTechnology #TeamSupport	2027-02-22	10:00 AM	None	Pending	TRUE
20270224-FB-107	CommunityBridge Annual Growth Campaign 2026-2027	2027-02-care-team-coordination-11	Facebook	Connected Teams Create Calmer Days	branded care coordination graphic, portrait format, soft blue-green gradients, connected team icons, welcoming healthcare-tech aesthetic, balanced spacing, strong centered headline, instagram portrait 4:5, CommunityBridge branding, Team Trust emphasis, headline text Connected Teams Create Calmer Days	Care feels stronger when teams are aligned. CommunityBridge helps clinicians, administrators, and family-facing staff stay coordinated so important details reach the right people at the right time. Request a demo to explore a more connected approach. This season is a good time to focus on team trust and stronger family connection.	#CommunityBridge #CareCoordination #ABATherapy #TeamCommunication #HealthcareWorkflow #ProviderSupport	2027-02-24	10:00 AM	None	Pending	TRUE
20270224-IG-107	CommunityBridge Annual Growth Campaign 2026-2027	2027-02-care-team-coordination-11	Instagram	Connected Teams Create Calmer Days	branded care coordination graphic, portrait format, soft blue-green gradients, connected team icons, welcoming healthcare-tech aesthetic, balanced spacing, strong centered headline, instagram portrait 4:5, CommunityBridge branding, Team Trust emphasis, headline text Connected Teams Create Calmer Days	Connected teams can support families with more consistency and less stress. CommunityBridge helps bring the right people and information together. Request a demo to learn more. This season is all about team trust and stronger family connection.	#CommunityBridge #CareCoordination #ABATherapy #TeamCommunication #HealthcareWorkflow #ProviderSupport	2027-02-24	10:00 AM	None	Pending	TRUE
20270226-FB-108	CommunityBridge Annual Growth Campaign 2026-2027	2027-02-parent-trust-12	Facebook	Trust Grows Through Clear Communication	supportive branded social graphic, family trust theme, clean portrait layout, soft green and blue arcs, subtle family silhouettes or icons, modern calming typography, instagram portrait 4:5, CommunityBridge branding, Team Trust emphasis, headline text Trust Grows Through Clear Communication	Trust is built through steady communication, clear expectations, and reliable follow-through. CommunityBridge helps organizations create a more supportive experience for families through stronger coordination. Request a demo to see how the platform supports trust at scale. This season is a good time to focus on team trust and stronger family connection.	#CommunityBridge #ParentTrust #FamilySupport #ABATherapy #CareTeams #HealthcareTechnology	2027-02-26	10:00 AM	None	Pending	TRUE
20270226-IG-108	CommunityBridge Annual Growth Campaign 2026-2027	2027-02-parent-trust-12	Instagram	Trust Grows Through Clear Communication	supportive branded social graphic, family trust theme, clean portrait layout, soft green and blue arcs, subtle family silhouettes or icons, modern calming typography, instagram portrait 4:5, CommunityBridge branding, Team Trust emphasis, headline text Trust Grows Through Clear Communication	Trust grows when families feel informed and supported. CommunityBridge helps teams create a clearer experience from day to day. Request a demo to see how. This season is all about team trust and stronger family connection.	#CommunityBridge #ParentTrust #FamilySupport #ABATherapy #CareTeams #HealthcareTechnology	2027-02-26	10:00 AM	None	Pending	TRUE
20270301-FB-109	CommunityBridge Annual Growth Campaign 2026-2027	2027-03-operational-clarity-01	Facebook	Operational Clarity Changes Everything	minimal branded operations graphic, portrait static design, crisp typography, subtle workflow layers and directional lines, clean healthcare-tech atmosphere, blue and green highlight accents, instagram portrait 4:5, CommunityBridge branding, Spring Growth emphasis, headline text Operational Clarity Changes Everything	Operational clarity helps teams move faster with less confusion. CommunityBridge brings key workflows into one connected experience so providers can support staff and families more effectively. Request a demo to see how clearer operations can improve the day. This season is a good time to focus on spring growth and clearer reporting rhythms.	#CommunityBridge #OperationalClarity #ClinicOperations #ABATherapy #WorkflowSupport #HealthcareTechnology	2027-03-01	10:00 AM	None	Pending	TRUE
20270301-IG-109	CommunityBridge Annual Growth Campaign 2026-2027	2027-03-operational-clarity-01	Instagram	Operational Clarity Changes Everything	minimal branded operations graphic, portrait static design, crisp typography, subtle workflow layers and directional lines, clean healthcare-tech atmosphere, blue and green highlight accents, instagram portrait 4:5, CommunityBridge branding, Spring Growth emphasis, headline text Operational Clarity Changes Everything	Clarity creates momentum. CommunityBridge helps teams simplify operations so the day can run with more confidence. Request a demo to explore the platform. This season is all about spring growth and clearer reporting rhythms.	#CommunityBridge #OperationalClarity #ClinicOperations #ABATherapy #WorkflowSupport #HealthcareTechnology	2027-03-01	10:00 AM	None	Pending	TRUE
20270303-FB-110	CommunityBridge Annual Growth Campaign 2026-2027	2027-03-faq-education-02	Facebook	Better Questions Lead To Better Workflows	educational branded social graphic, portrait layout, FAQ card motif, calm healthcare-tech palette, clean whitespace, modern headline and subtle icon accents, instagram portrait 4:5, CommunityBridge branding, Spring Growth emphasis, headline text Better Questions Lead To Better Workflows	Sometimes the best workflow improvements start with the right questions. CommunityBridge helps organizations simplify the systems behind communication, scheduling, and day-to-day coordination. Request a demo to see what a more connected workflow could look like. This season is a good time to focus on spring growth and clearer reporting rhythms.	#CommunityBridge #ABAEducation #HealthcareWorkflow #ABATherapy #OperationsSupport #ProviderTools	2027-03-03	10:00 AM	None	Pending	TRUE
20270303-IG-110	CommunityBridge Annual Growth Campaign 2026-2027	2027-03-faq-education-02	Instagram	Better Questions Lead To Better Workflows	educational branded social graphic, portrait layout, FAQ card motif, calm healthcare-tech palette, clean whitespace, modern headline and subtle icon accents, instagram portrait 4:5, CommunityBridge branding, Spring Growth emphasis, headline text Better Questions Lead To Better Workflows	Good questions often lead to stronger systems. CommunityBridge helps teams simplify everyday coordination with tools built for clarity. Request a demo to learn more. This season is all about spring growth and clearer reporting rhythms.	#CommunityBridge #ABAEducation #HealthcareWorkflow #ABATherapy #OperationsSupport #ProviderTools	2027-03-03	10:00 AM	None	Pending	TRUE
20270305-FB-111	CommunityBridge Annual Growth Campaign 2026-2027	2027-03-demo-cta-03	Facebook	See CommunityBridge In Action	branded promotional static graphic, clean modern healthcare-tech style, subtle app interface cards, green call-to-action accent, white and slate composition, confident headline area, instagram portrait 4:5, CommunityBridge branding, Spring Growth emphasis, headline text See CommunityBridge In Action	The best way to understand a stronger workflow is to see it in action. CommunityBridge helps organizations simplify communication, scheduling, coordination, and operational visibility in one connected platform. Request a demo to explore how it could support your team. This season is a good time to focus on spring growth and clearer reporting rhythms.	#CommunityBridge #RequestADemo #ABATherapy #HealthcareTechnology #CareCoordination #ClinicOperations	2027-03-05	10:00 AM	None	Pending	TRUE
20270305-IG-111	CommunityBridge Annual Growth Campaign 2026-2027	2027-03-demo-cta-03	Instagram	See CommunityBridge In Action	branded promotional static graphic, clean modern healthcare-tech style, subtle app interface cards, green call-to-action accent, white and slate composition, confident headline area, instagram portrait 4:5, CommunityBridge branding, Spring Growth emphasis, headline text See CommunityBridge In Action	Want to see how a more connected care workflow could look for your team. Request a demo and explore CommunityBridge in action. This season is all about spring growth and clearer reporting rhythms.	#CommunityBridge #RequestADemo #ABATherapy #HealthcareTechnology #CareCoordination #ClinicOperations	2027-03-05	10:00 AM	None	Pending	TRUE
20270308-FB-112	CommunityBridge Annual Growth Campaign 2026-2027	2027-03-role-based-dashboards-04	Facebook	Clear Roles Create Better Care Days	clean branded healthcare-tech social graphic, white and slate background with subtle blue-green gradient accents, calm modern layout, abstract connected nodes and dashboard cards, headline centered, CommunityBridge brand feel, instagram portrait 4:5, CommunityBridge branding, Spring Growth emphasis, headline text Clear Roles Create Better Care Days	When every role can see what matters most, daily operations get easier to manage. CommunityBridge helps teams reduce confusion, support consistent communication, and keep care moving forward with more clarity. Request a demo to see how a more connected workflow can support your organization. This season is a good time to focus on spring growth and clearer reporting rhythms.	#CommunityBridge #ABATherapy #CareCoordination #HealthcareTechnology #BCBA #ClinicOperations	2027-03-08	10:00 AM	None	Pending	TRUE
20270308-IG-112	CommunityBridge Annual Growth Campaign 2026-2027	2027-03-role-based-dashboards-04	Instagram	Clear Roles Create Better Care Days	clean branded healthcare-tech social graphic, white and slate background with subtle blue-green gradient accents, calm modern layout, abstract connected nodes and dashboard cards, headline centered, CommunityBridge brand feel, instagram portrait 4:5, CommunityBridge branding, Spring Growth emphasis, headline text Clear Roles Create Better Care Days	Clear roles make busy care days feel more manageable. CommunityBridge helps teams stay connected, informed, and ready to support families with more confidence. Request a demo to see the workflow in action. This season is all about spring growth and clearer reporting rhythms.	#CommunityBridge #ABATherapy #CareCoordination #HealthcareTechnology #BCBA #ClinicOperations	2027-03-08	10:00 AM	None	Pending	TRUE
20270310-FB-113	CommunityBridge Annual Growth Campaign 2026-2027	2027-03-family-communication-05	Facebook	Family Communication Should Feel Simple	static branded portrait social graphic, supportive healthcare-tech style, soft green and blue accents, clean whitespace, subtle message bubbles and family-care icons, modern sans serif typography, calm reassuring composition, instagram portrait 4:5, CommunityBridge branding, Spring Growth emphasis, headline text Family Communication Should Feel Simple	Families should not have to guess what comes next. CommunityBridge helps care teams share timely updates, reduce back-and-forth, and create a more confident experience for parents and caregivers. Request a demo to explore a simpler communication workflow. This season is a good time to focus on spring growth and clearer reporting rhythms.	#CommunityBridge #FamilyCommunication #ABATherapy #CareTeams #ParentSupport #HealthcareWorkflow	2027-03-10	10:00 AM	None	Pending	TRUE
20270310-IG-113	CommunityBridge Annual Growth Campaign 2026-2027	2027-03-family-communication-05	Instagram	Family Communication Should Feel Simple	static branded portrait social graphic, supportive healthcare-tech style, soft green and blue accents, clean whitespace, subtle message bubbles and family-care icons, modern sans serif typography, calm reassuring composition, instagram portrait 4:5, CommunityBridge branding, Spring Growth emphasis, headline text Family Communication Should Feel Simple	Better family communication starts with clearer systems behind the scenes. CommunityBridge helps providers keep updates timely, simple, and easier for families to trust. Request a demo to learn more. This season is all about spring growth and clearer reporting rhythms.	#CommunityBridge #FamilyCommunication #ABATherapy #CareTeams #ParentSupport #HealthcareWorkflow	2027-03-10	10:00 AM	None	Pending	TRUE
20270312-FB-114	CommunityBridge Annual Growth Campaign 2026-2027	2027-03-scheduling-efficiency-06	Facebook	Better Schedules Support Better Days	branded instagram portrait graphic, operational healthcare layout, minimal calendar grid elements, soft green highlight, navy and slate accents, clean modern headline space, organized and efficient visual tone, instagram portrait 4:5, CommunityBridge branding, Spring Growth emphasis, headline text Better Schedules Support Better Days	Scheduling is more than filling a calendar. CommunityBridge helps providers coordinate staff, reduce friction, and create smoother days for clinicians, office teams, and families alike. Request a demo to see a more efficient scheduling workflow. This season is a good time to focus on spring growth and clearer reporting rhythms.	#CommunityBridge #SchedulingEfficiency #ABATherapy #ClinicOperations #CareCoordination #WorkflowTools	2027-03-12	10:00 AM	None	Pending	TRUE
20270312-IG-114	CommunityBridge Annual Growth Campaign 2026-2027	2027-03-scheduling-efficiency-06	Instagram	Better Schedules Support Better Days	branded instagram portrait graphic, operational healthcare layout, minimal calendar grid elements, soft green highlight, navy and slate accents, clean modern headline space, organized and efficient visual tone, instagram portrait 4:5, CommunityBridge branding, Spring Growth emphasis, headline text Better Schedules Support Better Days	A stronger schedule helps everyone move with less friction. CommunityBridge supports clearer planning, smoother handoffs, and better daily coordination. Request a demo to see the difference. This season is all about spring growth and clearer reporting rhythms.	#CommunityBridge #SchedulingEfficiency #ABATherapy #ClinicOperations #CareCoordination #WorkflowTools	2027-03-12	10:00 AM	None	Pending	TRUE
20270315-FB-115	CommunityBridge Annual Growth Campaign 2026-2027	2027-03-billing-visibility-07	Facebook	Visibility Turns Billing Into Action	professional branded social graphic for healthcare operations, clean white background, subtle billing chart elements, blue-green gradient lines, polished admin-tech style, clear centered headline, instagram portrait 4:5, CommunityBridge branding, Spring Growth emphasis, headline text Visibility Turns Billing Into Action	When billing details are easier to track, teams can respond faster and plan with more confidence. CommunityBridge helps organizations improve visibility across operational workflows so fewer details get lost. Request a demo to explore smarter coordination. This season is a good time to focus on spring growth and clearer reporting rhythms.	#CommunityBridge #BillingVisibility #HealthcareTechnology #ABATherapy #AdminEfficiency #OperationsSupport	2027-03-15	10:00 AM	None	Pending	TRUE
20270315-IG-115	CommunityBridge Annual Growth Campaign 2026-2027	2027-03-billing-visibility-07	Instagram	Visibility Turns Billing Into Action	professional branded social graphic for healthcare operations, clean white background, subtle billing chart elements, blue-green gradient lines, polished admin-tech style, clear centered headline, instagram portrait 4:5, CommunityBridge branding, Spring Growth emphasis, headline text Visibility Turns Billing Into Action	More visibility means fewer surprises. CommunityBridge helps teams stay on top of operational details with clearer workflows and stronger follow-through. Request a demo to learn more. This season is all about spring growth and clearer reporting rhythms.	#CommunityBridge #BillingVisibility #HealthcareTechnology #ABATherapy #AdminEfficiency #OperationsSupport	2027-03-15	10:00 AM	None	Pending	TRUE
20270317-FB-116	CommunityBridge Annual Growth Campaign 2026-2027	2027-03-reporting-insights-08	Facebook	Reporting Should Support Better Decisions	clean data-informed social graphic, branded healthcare-tech portrait design, subtle report cards and chart accents, calm professional palette, spacious layout, headline prominent and readable, instagram portrait 4:5, CommunityBridge branding, Spring Growth emphasis, headline text Reporting Should Support Better Decisions	Good reporting should help teams act, not slow them down. CommunityBridge supports better visibility into the information providers need so decisions can feel more timely, aligned, and practical. Request a demo to see how reporting workflows can work better. This season is a good time to focus on spring growth and clearer reporting rhythms.	#CommunityBridge #ReportingInsights #HealthcareWorkflow #ABATherapy #CareCoordination #OperationalClarity	2027-03-17	10:00 AM	None	Pending	TRUE
20270317-IG-116	CommunityBridge Annual Growth Campaign 2026-2027	2027-03-reporting-insights-08	Instagram	Reporting Should Support Better Decisions	clean data-informed social graphic, branded healthcare-tech portrait design, subtle report cards and chart accents, calm professional palette, spacious layout, headline prominent and readable, instagram portrait 4:5, CommunityBridge branding, Spring Growth emphasis, headline text Reporting Should Support Better Decisions	Better reporting leads to better next steps. CommunityBridge helps teams turn information into action with more clarity and less guesswork. Request a demo to explore the workflow. This season is all about spring growth and clearer reporting rhythms.	#CommunityBridge #ReportingInsights #HealthcareWorkflow #ABATherapy #CareCoordination #OperationalClarity	2027-03-17	10:00 AM	None	Pending	TRUE
20270319-FB-117	CommunityBridge Annual Growth Campaign 2026-2027	2027-03-admin-time-savings-09	Facebook	Save Time Where It Matters Most	static branded promo graphic, calm admin efficiency theme, white background, layered blue and green curves, checklist and workflow icons, modern clean typography, polished and practical, instagram portrait 4:5, CommunityBridge branding, Spring Growth emphasis, headline text Save Time Where It Matters Most	When administrative work becomes more manageable, teams get more room to focus on people. CommunityBridge helps organizations simplify coordination and reduce workflow drag across everyday tasks. Request a demo to see how your team could save time. This season is a good time to focus on spring growth and clearer reporting rhythms.	#CommunityBridge #AdminEfficiency #CareCoordination #ABATherapy #HealthcareTechnology #TeamSupport	2027-03-19	10:00 AM	None	Pending	TRUE
20270319-IG-117	CommunityBridge Annual Growth Campaign 2026-2027	2027-03-admin-time-savings-09	Instagram	Save Time Where It Matters Most	static branded promo graphic, calm admin efficiency theme, white background, layered blue and green curves, checklist and workflow icons, modern clean typography, polished and practical, instagram portrait 4:5, CommunityBridge branding, Spring Growth emphasis, headline text Save Time Where It Matters Most	Less admin friction creates more room for meaningful work. CommunityBridge helps teams streamline the tasks that shape every day. Request a demo to see how it works. This season is all about spring growth and clearer reporting rhythms.	#CommunityBridge #AdminEfficiency #CareCoordination #ABATherapy #HealthcareTechnology #TeamSupport	2027-03-19	10:00 AM	None	Pending	TRUE
20270322-FB-118	CommunityBridge Annual Growth Campaign 2026-2027	2027-03-care-team-coordination-10	Facebook	Connected Teams Create Calmer Days	branded care coordination graphic, portrait format, soft blue-green gradients, connected team icons, welcoming healthcare-tech aesthetic, balanced spacing, strong centered headline, instagram portrait 4:5, CommunityBridge branding, Spring Growth emphasis, headline text Connected Teams Create Calmer Days	Care feels stronger when teams are aligned. CommunityBridge helps clinicians, administrators, and family-facing staff stay coordinated so important details reach the right people at the right time. Request a demo to explore a more connected approach. This season is a good time to focus on spring growth and clearer reporting rhythms.	#CommunityBridge #CareCoordination #ABATherapy #TeamCommunication #HealthcareWorkflow #ProviderSupport	2027-03-22	10:00 AM	None	Pending	TRUE
20270322-IG-118	CommunityBridge Annual Growth Campaign 2026-2027	2027-03-care-team-coordination-10	Instagram	Connected Teams Create Calmer Days	branded care coordination graphic, portrait format, soft blue-green gradients, connected team icons, welcoming healthcare-tech aesthetic, balanced spacing, strong centered headline, instagram portrait 4:5, CommunityBridge branding, Spring Growth emphasis, headline text Connected Teams Create Calmer Days	Connected teams can support families with more consistency and less stress. CommunityBridge helps bring the right people and information together. Request a demo to learn more. This season is all about spring growth and clearer reporting rhythms.	#CommunityBridge #CareCoordination #ABATherapy #TeamCommunication #HealthcareWorkflow #ProviderSupport	2027-03-22	10:00 AM	None	Pending	TRUE
20270324-FB-119	CommunityBridge Annual Growth Campaign 2026-2027	2027-03-parent-trust-11	Facebook	Trust Grows Through Clear Communication	supportive branded social graphic, family trust theme, clean portrait layout, soft green and blue arcs, subtle family silhouettes or icons, modern calming typography, instagram portrait 4:5, CommunityBridge branding, Spring Growth emphasis, headline text Trust Grows Through Clear Communication	Trust is built through steady communication, clear expectations, and reliable follow-through. CommunityBridge helps organizations create a more supportive experience for families through stronger coordination. Request a demo to see how the platform supports trust at scale. This season is a good time to focus on spring growth and clearer reporting rhythms.	#CommunityBridge #ParentTrust #FamilySupport #ABATherapy #CareTeams #HealthcareTechnology	2027-03-24	10:00 AM	None	Pending	TRUE
20270324-IG-119	CommunityBridge Annual Growth Campaign 2026-2027	2027-03-parent-trust-11	Instagram	Trust Grows Through Clear Communication	supportive branded social graphic, family trust theme, clean portrait layout, soft green and blue arcs, subtle family silhouettes or icons, modern calming typography, instagram portrait 4:5, CommunityBridge branding, Spring Growth emphasis, headline text Trust Grows Through Clear Communication	Trust grows when families feel informed and supported. CommunityBridge helps teams create a clearer experience from day to day. Request a demo to see how. This season is all about spring growth and clearer reporting rhythms.	#CommunityBridge #ParentTrust #FamilySupport #ABATherapy #CareTeams #HealthcareTechnology	2027-03-24	10:00 AM	None	Pending	TRUE
20270326-FB-120	CommunityBridge Annual Growth Campaign 2026-2027	2027-03-provider-growth-12	Facebook	Growth Needs Systems That Scale	professional growth-focused healthcare graphic, clean white field, subtle upward motion elements, dashboard and team icons, blue-green brand accents, modern polished portrait composition, instagram portrait 4:5, CommunityBridge branding, Spring Growth emphasis, headline text Growth Needs Systems That Scale	As organizations grow, the need for consistent systems grows with them. CommunityBridge helps providers support expansion without losing visibility, communication, or operational confidence. Request a demo to explore scalable coordination. This season is a good time to focus on spring growth and clearer reporting rhythms.	#CommunityBridge #ProviderGrowth #ABATherapy #HealthcareOperations #ScalableSystems #ClinicLeadership	2027-03-26	10:00 AM	None	Pending	TRUE
20270326-IG-120	CommunityBridge Annual Growth Campaign 2026-2027	2027-03-provider-growth-12	Instagram	Growth Needs Systems That Scale	professional growth-focused healthcare graphic, clean white field, subtle upward motion elements, dashboard and team icons, blue-green brand accents, modern polished portrait composition, instagram portrait 4:5, CommunityBridge branding, Spring Growth emphasis, headline text Growth Needs Systems That Scale	Growth works better when the system behind it can scale. CommunityBridge helps providers build with more visibility and confidence. Request a demo to learn more. This season is all about spring growth and clearer reporting rhythms.	#CommunityBridge #ProviderGrowth #ABATherapy #HealthcareOperations #ScalableSystems #ClinicLeadership	2027-03-26	10:00 AM	None	Pending	TRUE
20270402-FB-121	CommunityBridge Annual Growth Campaign 2026-2027	2027-04-faq-education-01	Facebook	Acceptance Begins With Respectful Support	educational branded social graphic, portrait layout, FAQ card motif, calm healthcare-tech palette, clean whitespace, modern headline and subtle icon accents, instagram portrait 4:5, CommunityBridge branding, Autism Acceptance emphasis, headline text Acceptance Begins With Respectful Support	Autism Acceptance Month is a reminder that respectful support starts with listening, clarity, and systems that help teams respond well. CommunityBridge helps providers strengthen communication and coordination in ways that better support families and staff. Request a demo to learn more.	#CommunityBridge #ABAEducation #HealthcareWorkflow #ABATherapy #OperationsSupport #ProviderTools #AutismAcceptanceMonth #RespectfulSupport	2027-04-02	10:00 AM	Autism Acceptance Month	Pending	TRUE
20270402-IG-121	CommunityBridge Annual Growth Campaign 2026-2027	2027-04-faq-education-01	Instagram	Acceptance Begins With Respectful Support	educational branded social graphic, portrait layout, FAQ card motif, calm healthcare-tech palette, clean whitespace, modern headline and subtle icon accents, instagram portrait 4:5, CommunityBridge branding, Autism Acceptance emphasis, headline text Acceptance Begins With Respectful Support	Autism Acceptance Month is a good time to center respectful support and clearer communication. CommunityBridge helps teams build workflows that better support families and staff. Request a demo to learn more.	#CommunityBridge #ABAEducation #HealthcareWorkflow #ABATherapy #OperationsSupport #ProviderTools #AutismAcceptanceMonth #RespectfulSupport	2027-04-02	10:00 AM	Autism Acceptance Month	Pending	TRUE
20270405-FB-122	CommunityBridge Annual Growth Campaign 2026-2027	2027-04-demo-cta-02	Facebook	Acceptance Begins With Respectful Support	branded promotional static graphic, clean modern healthcare-tech style, subtle app interface cards, green call-to-action accent, white and slate composition, confident headline area, instagram portrait 4:5, CommunityBridge branding, Autism Acceptance emphasis, headline text Acceptance Begins With Respectful Support	Autism Acceptance Month is a reminder that respectful support starts with listening, clarity, and systems that help teams respond well. CommunityBridge helps providers strengthen communication and coordination in ways that better support families and staff. Request a demo to learn more.	#CommunityBridge #RequestADemo #ABATherapy #HealthcareTechnology #CareCoordination #ClinicOperations #AutismAcceptanceMonth #RespectfulSupport	2027-04-05	10:00 AM	Autism Acceptance Month	Pending	TRUE
20270405-IG-122	CommunityBridge Annual Growth Campaign 2026-2027	2027-04-demo-cta-02	Instagram	Acceptance Begins With Respectful Support	branded promotional static graphic, clean modern healthcare-tech style, subtle app interface cards, green call-to-action accent, white and slate composition, confident headline area, instagram portrait 4:5, CommunityBridge branding, Autism Acceptance emphasis, headline text Acceptance Begins With Respectful Support	Autism Acceptance Month is a good time to center respectful support and clearer communication. CommunityBridge helps teams build workflows that better support families and staff. Request a demo to learn more.	#CommunityBridge #RequestADemo #ABATherapy #HealthcareTechnology #CareCoordination #ClinicOperations #AutismAcceptanceMonth #RespectfulSupport	2027-04-05	10:00 AM	Autism Acceptance Month	Pending	TRUE
20270407-FB-123	CommunityBridge Annual Growth Campaign 2026-2027	2027-04-role-based-dashboards-03	Facebook	Acceptance Begins With Respectful Support	clean branded healthcare-tech social graphic, white and slate background with subtle blue-green gradient accents, calm modern layout, abstract connected nodes and dashboard cards, headline centered, CommunityBridge brand feel, instagram portrait 4:5, CommunityBridge branding, Autism Acceptance emphasis, headline text Acceptance Begins With Respectful Support	Autism Acceptance Month is a reminder that respectful support starts with listening, clarity, and systems that help teams respond well. CommunityBridge helps providers strengthen communication and coordination in ways that better support families and staff. Request a demo to learn more.	#CommunityBridge #ABATherapy #CareCoordination #HealthcareTechnology #BCBA #ClinicOperations #AutismAcceptanceMonth #RespectfulSupport	2027-04-07	10:00 AM	Autism Acceptance Month	Pending	TRUE
20270407-IG-123	CommunityBridge Annual Growth Campaign 2026-2027	2027-04-role-based-dashboards-03	Instagram	Acceptance Begins With Respectful Support	clean branded healthcare-tech social graphic, white and slate background with subtle blue-green gradient accents, calm modern layout, abstract connected nodes and dashboard cards, headline centered, CommunityBridge brand feel, instagram portrait 4:5, CommunityBridge branding, Autism Acceptance emphasis, headline text Acceptance Begins With Respectful Support	Autism Acceptance Month is a good time to center respectful support and clearer communication. CommunityBridge helps teams build workflows that better support families and staff. Request a demo to learn more.	#CommunityBridge #ABATherapy #CareCoordination #HealthcareTechnology #BCBA #ClinicOperations #AutismAcceptanceMonth #RespectfulSupport	2027-04-07	10:00 AM	Autism Acceptance Month	Pending	TRUE
20270409-FB-124	CommunityBridge Annual Growth Campaign 2026-2027	2027-04-family-communication-04	Facebook	Acceptance Begins With Respectful Support	static branded portrait social graphic, supportive healthcare-tech style, soft green and blue accents, clean whitespace, subtle message bubbles and family-care icons, modern sans serif typography, calm reassuring composition, instagram portrait 4:5, CommunityBridge branding, Autism Acceptance emphasis, headline text Acceptance Begins With Respectful Support	Autism Acceptance Month is a reminder that respectful support starts with listening, clarity, and systems that help teams respond well. CommunityBridge helps providers strengthen communication and coordination in ways that better support families and staff. Request a demo to learn more.	#CommunityBridge #FamilyCommunication #ABATherapy #CareTeams #ParentSupport #HealthcareWorkflow #AutismAcceptanceMonth #RespectfulSupport	2027-04-09	10:00 AM	Autism Acceptance Month	Pending	TRUE
20270409-IG-124	CommunityBridge Annual Growth Campaign 2026-2027	2027-04-family-communication-04	Instagram	Acceptance Begins With Respectful Support	static branded portrait social graphic, supportive healthcare-tech style, soft green and blue accents, clean whitespace, subtle message bubbles and family-care icons, modern sans serif typography, calm reassuring composition, instagram portrait 4:5, CommunityBridge branding, Autism Acceptance emphasis, headline text Acceptance Begins With Respectful Support	Autism Acceptance Month is a good time to center respectful support and clearer communication. CommunityBridge helps teams build workflows that better support families and staff. Request a demo to learn more.	#CommunityBridge #FamilyCommunication #ABATherapy #CareTeams #ParentSupport #HealthcareWorkflow #AutismAcceptanceMonth #RespectfulSupport	2027-04-09	10:00 AM	Autism Acceptance Month	Pending	TRUE
20270412-FB-125	CommunityBridge Annual Growth Campaign 2026-2027	2027-04-scheduling-efficiency-05	Facebook	Acceptance Begins With Respectful Support	branded instagram portrait graphic, operational healthcare layout, minimal calendar grid elements, soft green highlight, navy and slate accents, clean modern headline space, organized and efficient visual tone, instagram portrait 4:5, CommunityBridge branding, Autism Acceptance emphasis, headline text Acceptance Begins With Respectful Support	Autism Acceptance Month is a reminder that respectful support starts with listening, clarity, and systems that help teams respond well. CommunityBridge helps providers strengthen communication and coordination in ways that better support families and staff. Request a demo to learn more.	#CommunityBridge #SchedulingEfficiency #ABATherapy #ClinicOperations #CareCoordination #WorkflowTools #AutismAcceptanceMonth #RespectfulSupport	2027-04-12	10:00 AM	Autism Acceptance Month	Pending	TRUE
20270412-IG-125	CommunityBridge Annual Growth Campaign 2026-2027	2027-04-scheduling-efficiency-05	Instagram	Acceptance Begins With Respectful Support	branded instagram portrait graphic, operational healthcare layout, minimal calendar grid elements, soft green highlight, navy and slate accents, clean modern headline space, organized and efficient visual tone, instagram portrait 4:5, CommunityBridge branding, Autism Acceptance emphasis, headline text Acceptance Begins With Respectful Support	Autism Acceptance Month is a good time to center respectful support and clearer communication. CommunityBridge helps teams build workflows that better support families and staff. Request a demo to learn more.	#CommunityBridge #SchedulingEfficiency #ABATherapy #ClinicOperations #CareCoordination #WorkflowTools #AutismAcceptanceMonth #RespectfulSupport	2027-04-12	10:00 AM	Autism Acceptance Month	Pending	TRUE
20270414-FB-126	CommunityBridge Annual Growth Campaign 2026-2027	2027-04-billing-visibility-06	Facebook	Visibility Turns Billing Into Action	professional branded social graphic for healthcare operations, clean white background, subtle billing chart elements, blue-green gradient lines, polished admin-tech style, clear centered headline, instagram portrait 4:5, CommunityBridge branding, Autism Acceptance emphasis, headline text Visibility Turns Billing Into Action	When billing details are easier to track, teams can respond faster and plan with more confidence. CommunityBridge helps organizations improve visibility across operational workflows so fewer details get lost. Request a demo to explore smarter coordination. This season is a good time to focus on respectful autism acceptance and family-centered support.	#CommunityBridge #BillingVisibility #HealthcareTechnology #ABATherapy #AdminEfficiency #OperationsSupport	2027-04-14	10:00 AM	None	Pending	TRUE
20270414-IG-126	CommunityBridge Annual Growth Campaign 2026-2027	2027-04-billing-visibility-06	Instagram	Visibility Turns Billing Into Action	professional branded social graphic for healthcare operations, clean white background, subtle billing chart elements, blue-green gradient lines, polished admin-tech style, clear centered headline, instagram portrait 4:5, CommunityBridge branding, Autism Acceptance emphasis, headline text Visibility Turns Billing Into Action	More visibility means fewer surprises. CommunityBridge helps teams stay on top of operational details with clearer workflows and stronger follow-through. Request a demo to learn more. This season is all about respectful autism acceptance and family-centered support.	#CommunityBridge #BillingVisibility #HealthcareTechnology #ABATherapy #AdminEfficiency #OperationsSupport	2027-04-14	10:00 AM	None	Pending	TRUE
20270416-FB-127	CommunityBridge Annual Growth Campaign 2026-2027	2027-04-reporting-insights-07	Facebook	Reporting Should Support Better Decisions	clean data-informed social graphic, branded healthcare-tech portrait design, subtle report cards and chart accents, calm professional palette, spacious layout, headline prominent and readable, instagram portrait 4:5, CommunityBridge branding, Autism Acceptance emphasis, headline text Reporting Should Support Better Decisions	Good reporting should help teams act, not slow them down. CommunityBridge supports better visibility into the information providers need so decisions can feel more timely, aligned, and practical. Request a demo to see how reporting workflows can work better. This season is a good time to focus on respectful autism acceptance and family-centered support.	#CommunityBridge #ReportingInsights #HealthcareWorkflow #ABATherapy #CareCoordination #OperationalClarity	2027-04-16	10:00 AM	None	Pending	TRUE
20270416-IG-127	CommunityBridge Annual Growth Campaign 2026-2027	2027-04-reporting-insights-07	Instagram	Reporting Should Support Better Decisions	clean data-informed social graphic, branded healthcare-tech portrait design, subtle report cards and chart accents, calm professional palette, spacious layout, headline prominent and readable, instagram portrait 4:5, CommunityBridge branding, Autism Acceptance emphasis, headline text Reporting Should Support Better Decisions	Better reporting leads to better next steps. CommunityBridge helps teams turn information into action with more clarity and less guesswork. Request a demo to explore the workflow. This season is all about respectful autism acceptance and family-centered support.	#CommunityBridge #ReportingInsights #HealthcareWorkflow #ABATherapy #CareCoordination #OperationalClarity	2027-04-16	10:00 AM	None	Pending	TRUE
20270419-FB-128	CommunityBridge Annual Growth Campaign 2026-2027	2027-04-admin-time-savings-08	Facebook	Save Time Where It Matters Most	static branded promo graphic, calm admin efficiency theme, white background, layered blue and green curves, checklist and workflow icons, modern clean typography, polished and practical, instagram portrait 4:5, CommunityBridge branding, Autism Acceptance emphasis, headline text Save Time Where It Matters Most	When administrative work becomes more manageable, teams get more room to focus on people. CommunityBridge helps organizations simplify coordination and reduce workflow drag across everyday tasks. Request a demo to see how your team could save time. This season is a good time to focus on respectful autism acceptance and family-centered support.	#CommunityBridge #AdminEfficiency #CareCoordination #ABATherapy #HealthcareTechnology #TeamSupport	2027-04-19	10:00 AM	None	Pending	TRUE
20270419-IG-128	CommunityBridge Annual Growth Campaign 2026-2027	2027-04-admin-time-savings-08	Instagram	Save Time Where It Matters Most	static branded promo graphic, calm admin efficiency theme, white background, layered blue and green curves, checklist and workflow icons, modern clean typography, polished and practical, instagram portrait 4:5, CommunityBridge branding, Autism Acceptance emphasis, headline text Save Time Where It Matters Most	Less admin friction creates more room for meaningful work. CommunityBridge helps teams streamline the tasks that shape every day. Request a demo to see how it works. This season is all about respectful autism acceptance and family-centered support.	#CommunityBridge #AdminEfficiency #CareCoordination #ABATherapy #HealthcareTechnology #TeamSupport	2027-04-19	10:00 AM	None	Pending	TRUE
20270421-FB-129	CommunityBridge Annual Growth Campaign 2026-2027	2027-04-care-team-coordination-09	Facebook	Connected Teams Create Calmer Days	branded care coordination graphic, portrait format, soft blue-green gradients, connected team icons, welcoming healthcare-tech aesthetic, balanced spacing, strong centered headline, instagram portrait 4:5, CommunityBridge branding, Autism Acceptance emphasis, headline text Connected Teams Create Calmer Days	Care feels stronger when teams are aligned. CommunityBridge helps clinicians, administrators, and family-facing staff stay coordinated so important details reach the right people at the right time. Request a demo to explore a more connected approach. This season is a good time to focus on respectful autism acceptance and family-centered support.	#CommunityBridge #CareCoordination #ABATherapy #TeamCommunication #HealthcareWorkflow #ProviderSupport	2027-04-21	10:00 AM	None	Pending	TRUE
20270421-IG-129	CommunityBridge Annual Growth Campaign 2026-2027	2027-04-care-team-coordination-09	Instagram	Connected Teams Create Calmer Days	branded care coordination graphic, portrait format, soft blue-green gradients, connected team icons, welcoming healthcare-tech aesthetic, balanced spacing, strong centered headline, instagram portrait 4:5, CommunityBridge branding, Autism Acceptance emphasis, headline text Connected Teams Create Calmer Days	Connected teams can support families with more consistency and less stress. CommunityBridge helps bring the right people and information together. Request a demo to learn more. This season is all about respectful autism acceptance and family-centered support.	#CommunityBridge #CareCoordination #ABATherapy #TeamCommunication #HealthcareWorkflow #ProviderSupport	2027-04-21	10:00 AM	None	Pending	TRUE
20270423-FB-130	CommunityBridge Annual Growth Campaign 2026-2027	2027-04-parent-trust-10	Facebook	Trust Grows Through Clear Communication	supportive branded social graphic, family trust theme, clean portrait layout, soft green and blue arcs, subtle family silhouettes or icons, modern calming typography, instagram portrait 4:5, CommunityBridge branding, Autism Acceptance emphasis, headline text Trust Grows Through Clear Communication	Trust is built through steady communication, clear expectations, and reliable follow-through. CommunityBridge helps organizations create a more supportive experience for families through stronger coordination. Request a demo to see how the platform supports trust at scale. This season is a good time to focus on respectful autism acceptance and family-centered support.	#CommunityBridge #ParentTrust #FamilySupport #ABATherapy #CareTeams #HealthcareTechnology	2027-04-23	10:00 AM	None	Pending	TRUE
20270423-IG-130	CommunityBridge Annual Growth Campaign 2026-2027	2027-04-parent-trust-10	Instagram	Trust Grows Through Clear Communication	supportive branded social graphic, family trust theme, clean portrait layout, soft green and blue arcs, subtle family silhouettes or icons, modern calming typography, instagram portrait 4:5, CommunityBridge branding, Autism Acceptance emphasis, headline text Trust Grows Through Clear Communication	Trust grows when families feel informed and supported. CommunityBridge helps teams create a clearer experience from day to day. Request a demo to see how. This season is all about respectful autism acceptance and family-centered support.	#CommunityBridge #ParentTrust #FamilySupport #ABATherapy #CareTeams #HealthcareTechnology	2027-04-23	10:00 AM	None	Pending	TRUE
20270426-FB-131	CommunityBridge Annual Growth Campaign 2026-2027	2027-04-provider-growth-11	Facebook	Growth Needs Systems That Scale	professional growth-focused healthcare graphic, clean white field, subtle upward motion elements, dashboard and team icons, blue-green brand accents, modern polished portrait composition, instagram portrait 4:5, CommunityBridge branding, Autism Acceptance emphasis, headline text Growth Needs Systems That Scale	As organizations grow, the need for consistent systems grows with them. CommunityBridge helps providers support expansion without losing visibility, communication, or operational confidence. Request a demo to explore scalable coordination. This season is a good time to focus on respectful autism acceptance and family-centered support.	#CommunityBridge #ProviderGrowth #ABATherapy #HealthcareOperations #ScalableSystems #ClinicLeadership	2027-04-26	10:00 AM	None	Pending	TRUE
20270426-IG-131	CommunityBridge Annual Growth Campaign 2026-2027	2027-04-provider-growth-11	Instagram	Growth Needs Systems That Scale	professional growth-focused healthcare graphic, clean white field, subtle upward motion elements, dashboard and team icons, blue-green brand accents, modern polished portrait composition, instagram portrait 4:5, CommunityBridge branding, Autism Acceptance emphasis, headline text Growth Needs Systems That Scale	Growth works better when the system behind it can scale. CommunityBridge helps providers build with more visibility and confidence. Request a demo to learn more. This season is all about respectful autism acceptance and family-centered support.	#CommunityBridge #ProviderGrowth #ABATherapy #HealthcareOperations #ScalableSystems #ClinicLeadership	2027-04-26	10:00 AM	None	Pending	TRUE
20270428-FB-132	CommunityBridge Annual Growth Campaign 2026-2027	2027-04-operational-clarity-12	Facebook	Operational Clarity Changes Everything	minimal branded operations graphic, portrait static design, crisp typography, subtle workflow layers and directional lines, clean healthcare-tech atmosphere, blue and green highlight accents, instagram portrait 4:5, CommunityBridge branding, Autism Acceptance emphasis, headline text Operational Clarity Changes Everything	Operational clarity helps teams move faster with less confusion. CommunityBridge brings key workflows into one connected experience so providers can support staff and families more effectively. Request a demo to see how clearer operations can improve the day. This season is a good time to focus on respectful autism acceptance and family-centered support.	#CommunityBridge #OperationalClarity #ClinicOperations #ABATherapy #WorkflowSupport #HealthcareTechnology	2027-04-28	10:00 AM	None	Pending	TRUE
20270428-IG-132	CommunityBridge Annual Growth Campaign 2026-2027	2027-04-operational-clarity-12	Instagram	Operational Clarity Changes Everything	minimal branded operations graphic, portrait static design, crisp typography, subtle workflow layers and directional lines, clean healthcare-tech atmosphere, blue and green highlight accents, instagram portrait 4:5, CommunityBridge branding, Autism Acceptance emphasis, headline text Operational Clarity Changes Everything	Clarity creates momentum. CommunityBridge helps teams simplify operations so the day can run with more confidence. Request a demo to explore the platform. This season is all about respectful autism acceptance and family-centered support.	#CommunityBridge #OperationalClarity #ClinicOperations #ABATherapy #WorkflowSupport #HealthcareTechnology	2027-04-28	10:00 AM	None	Pending	TRUE
20270503-FB-133	CommunityBridge Annual Growth Campaign 2026-2027	2027-05-demo-cta-01	Facebook	Support Strong Teams And Families	branded promotional static graphic, clean modern healthcare-tech style, subtle app interface cards, green call-to-action accent, white and slate composition, confident headline area, instagram portrait 4:5, CommunityBridge branding, Wellbeing and Summer Planning emphasis, headline text Support Strong Teams And Families	Mental Health Awareness Month is a reminder that strong systems can reduce friction and support wellbeing across teams and families. CommunityBridge helps organizations create clearer coordination so everyday work feels more manageable. Request a demo to explore the platform.	#CommunityBridge #RequestADemo #ABATherapy #HealthcareTechnology #CareCoordination #ClinicOperations #MentalHealthAwarenessMonth #SupportiveSystems	2027-05-03	10:00 AM	Mental Health Awareness Month	Pending	TRUE
20270503-IG-133	CommunityBridge Annual Growth Campaign 2026-2027	2027-05-demo-cta-01	Instagram	Support Strong Teams And Families	branded promotional static graphic, clean modern healthcare-tech style, subtle app interface cards, green call-to-action accent, white and slate composition, confident headline area, instagram portrait 4:5, CommunityBridge branding, Wellbeing and Summer Planning emphasis, headline text Support Strong Teams And Families	Supportive systems can make everyday care work feel more manageable. CommunityBridge helps teams build clarity, communication, and steadier coordination. Request a demo to learn more.	#CommunityBridge #RequestADemo #ABATherapy #HealthcareTechnology #CareCoordination #ClinicOperations #MentalHealthAwarenessMonth #SupportiveSystems	2027-05-03	10:00 AM	Mental Health Awareness Month	Pending	TRUE
20270505-FB-134	CommunityBridge Annual Growth Campaign 2026-2027	2027-05-role-based-dashboards-02	Facebook	Support Strong Teams And Families	clean branded healthcare-tech social graphic, white and slate background with subtle blue-green gradient accents, calm modern layout, abstract connected nodes and dashboard cards, headline centered, CommunityBridge brand feel, instagram portrait 4:5, CommunityBridge branding, Wellbeing and Summer Planning emphasis, headline text Support Strong Teams And Families	Mental Health Awareness Month is a reminder that strong systems can reduce friction and support wellbeing across teams and families. CommunityBridge helps organizations create clearer coordination so everyday work feels more manageable. Request a demo to explore the platform.	#CommunityBridge #ABATherapy #CareCoordination #HealthcareTechnology #BCBA #ClinicOperations #MentalHealthAwarenessMonth #SupportiveSystems	2027-05-05	10:00 AM	Mental Health Awareness Month	Pending	TRUE
20270505-IG-134	CommunityBridge Annual Growth Campaign 2026-2027	2027-05-role-based-dashboards-02	Instagram	Support Strong Teams And Families	clean branded healthcare-tech social graphic, white and slate background with subtle blue-green gradient accents, calm modern layout, abstract connected nodes and dashboard cards, headline centered, CommunityBridge brand feel, instagram portrait 4:5, CommunityBridge branding, Wellbeing and Summer Planning emphasis, headline text Support Strong Teams And Families	Supportive systems can make everyday care work feel more manageable. CommunityBridge helps teams build clarity, communication, and steadier coordination. Request a demo to learn more.	#CommunityBridge #ABATherapy #CareCoordination #HealthcareTechnology #BCBA #ClinicOperations #MentalHealthAwarenessMonth #SupportiveSystems	2027-05-05	10:00 AM	Mental Health Awareness Month	Pending	TRUE
20270507-FB-135	CommunityBridge Annual Growth Campaign 2026-2027	2027-05-family-communication-03	Facebook	Support Strong Teams And Families	static branded portrait social graphic, supportive healthcare-tech style, soft green and blue accents, clean whitespace, subtle message bubbles and family-care icons, modern sans serif typography, calm reassuring composition, instagram portrait 4:5, CommunityBridge branding, Wellbeing and Summer Planning emphasis, headline text Support Strong Teams And Families	Mental Health Awareness Month is a reminder that strong systems can reduce friction and support wellbeing across teams and families. CommunityBridge helps organizations create clearer coordination so everyday work feels more manageable. Request a demo to explore the platform.	#CommunityBridge #FamilyCommunication #ABATherapy #CareTeams #ParentSupport #HealthcareWorkflow #MentalHealthAwarenessMonth #SupportiveSystems	2027-05-07	10:00 AM	Mental Health Awareness Month	Pending	TRUE
20270507-IG-135	CommunityBridge Annual Growth Campaign 2026-2027	2027-05-family-communication-03	Instagram	Support Strong Teams And Families	static branded portrait social graphic, supportive healthcare-tech style, soft green and blue accents, clean whitespace, subtle message bubbles and family-care icons, modern sans serif typography, calm reassuring composition, instagram portrait 4:5, CommunityBridge branding, Wellbeing and Summer Planning emphasis, headline text Support Strong Teams And Families	Supportive systems can make everyday care work feel more manageable. CommunityBridge helps teams build clarity, communication, and steadier coordination. Request a demo to learn more.	#CommunityBridge #FamilyCommunication #ABATherapy #CareTeams #ParentSupport #HealthcareWorkflow #MentalHealthAwarenessMonth #SupportiveSystems	2027-05-07	10:00 AM	Mental Health Awareness Month	Pending	TRUE
20270510-FB-136	CommunityBridge Annual Growth Campaign 2026-2027	2027-05-scheduling-efficiency-04	Facebook	Support Strong Teams And Families	branded instagram portrait graphic, operational healthcare layout, minimal calendar grid elements, soft green highlight, navy and slate accents, clean modern headline space, organized and efficient visual tone, instagram portrait 4:5, CommunityBridge branding, Wellbeing and Summer Planning emphasis, headline text Support Strong Teams And Families	Mental Health Awareness Month is a reminder that strong systems can reduce friction and support wellbeing across teams and families. CommunityBridge helps organizations create clearer coordination so everyday work feels more manageable. Request a demo to explore the platform.	#CommunityBridge #SchedulingEfficiency #ABATherapy #ClinicOperations #CareCoordination #WorkflowTools #MentalHealthAwarenessMonth #SupportiveSystems	2027-05-10	10:00 AM	Mental Health Awareness Month	Pending	TRUE
20270510-IG-136	CommunityBridge Annual Growth Campaign 2026-2027	2027-05-scheduling-efficiency-04	Instagram	Support Strong Teams And Families	branded instagram portrait graphic, operational healthcare layout, minimal calendar grid elements, soft green highlight, navy and slate accents, clean modern headline space, organized and efficient visual tone, instagram portrait 4:5, CommunityBridge branding, Wellbeing and Summer Planning emphasis, headline text Support Strong Teams And Families	Supportive systems can make everyday care work feel more manageable. CommunityBridge helps teams build clarity, communication, and steadier coordination. Request a demo to learn more.	#CommunityBridge #SchedulingEfficiency #ABATherapy #ClinicOperations #CareCoordination #WorkflowTools #MentalHealthAwarenessMonth #SupportiveSystems	2027-05-10	10:00 AM	Mental Health Awareness Month	Pending	TRUE
20270512-FB-137	CommunityBridge Annual Growth Campaign 2026-2027	2027-05-billing-visibility-05	Facebook	Support Strong Teams And Families	professional branded social graphic for healthcare operations, clean white background, subtle billing chart elements, blue-green gradient lines, polished admin-tech style, clear centered headline, instagram portrait 4:5, CommunityBridge branding, Wellbeing and Summer Planning emphasis, headline text Support Strong Teams And Families	Mental Health Awareness Month is a reminder that strong systems can reduce friction and support wellbeing across teams and families. CommunityBridge helps organizations create clearer coordination so everyday work feels more manageable. Request a demo to explore the platform.	#CommunityBridge #BillingVisibility #HealthcareTechnology #ABATherapy #AdminEfficiency #OperationsSupport #MentalHealthAwarenessMonth #SupportiveSystems	2027-05-12	10:00 AM	Mental Health Awareness Month	Pending	TRUE
20270512-IG-137	CommunityBridge Annual Growth Campaign 2026-2027	2027-05-billing-visibility-05	Instagram	Support Strong Teams And Families	professional branded social graphic for healthcare operations, clean white background, subtle billing chart elements, blue-green gradient lines, polished admin-tech style, clear centered headline, instagram portrait 4:5, CommunityBridge branding, Wellbeing and Summer Planning emphasis, headline text Support Strong Teams And Families	Supportive systems can make everyday care work feel more manageable. CommunityBridge helps teams build clarity, communication, and steadier coordination. Request a demo to learn more.	#CommunityBridge #BillingVisibility #HealthcareTechnology #ABATherapy #AdminEfficiency #OperationsSupport #MentalHealthAwarenessMonth #SupportiveSystems	2027-05-12	10:00 AM	Mental Health Awareness Month	Pending	TRUE
20270514-FB-138	CommunityBridge Annual Growth Campaign 2026-2027	2027-05-reporting-insights-06	Facebook	Reporting Should Support Better Decisions	clean data-informed social graphic, branded healthcare-tech portrait design, subtle report cards and chart accents, calm professional palette, spacious layout, headline prominent and readable, instagram portrait 4:5, CommunityBridge branding, Wellbeing and Summer Planning emphasis, headline text Reporting Should Support Better Decisions	Good reporting should help teams act, not slow them down. CommunityBridge supports better visibility into the information providers need so decisions can feel more timely, aligned, and practical. Request a demo to see how reporting workflows can work better. This season is a good time to focus on mental health awareness and summer planning.	#CommunityBridge #ReportingInsights #HealthcareWorkflow #ABATherapy #CareCoordination #OperationalClarity	2027-05-14	10:00 AM	None	Pending	TRUE
20270514-IG-138	CommunityBridge Annual Growth Campaign 2026-2027	2027-05-reporting-insights-06	Instagram	Reporting Should Support Better Decisions	clean data-informed social graphic, branded healthcare-tech portrait design, subtle report cards and chart accents, calm professional palette, spacious layout, headline prominent and readable, instagram portrait 4:5, CommunityBridge branding, Wellbeing and Summer Planning emphasis, headline text Reporting Should Support Better Decisions	Better reporting leads to better next steps. CommunityBridge helps teams turn information into action with more clarity and less guesswork. Request a demo to explore the workflow. This season is all about mental health awareness and summer planning.	#CommunityBridge #ReportingInsights #HealthcareWorkflow #ABATherapy #CareCoordination #OperationalClarity	2027-05-14	10:00 AM	None	Pending	TRUE
20270517-FB-139	CommunityBridge Annual Growth Campaign 2026-2027	2027-05-admin-time-savings-07	Facebook	Save Time Where It Matters Most	static branded promo graphic, calm admin efficiency theme, white background, layered blue and green curves, checklist and workflow icons, modern clean typography, polished and practical, instagram portrait 4:5, CommunityBridge branding, Wellbeing and Summer Planning emphasis, headline text Save Time Where It Matters Most	When administrative work becomes more manageable, teams get more room to focus on people. CommunityBridge helps organizations simplify coordination and reduce workflow drag across everyday tasks. Request a demo to see how your team could save time. This season is a good time to focus on mental health awareness and summer planning.	#CommunityBridge #AdminEfficiency #CareCoordination #ABATherapy #HealthcareTechnology #TeamSupport	2027-05-17	10:00 AM	None	Pending	TRUE
20270517-IG-139	CommunityBridge Annual Growth Campaign 2026-2027	2027-05-admin-time-savings-07	Instagram	Save Time Where It Matters Most	static branded promo graphic, calm admin efficiency theme, white background, layered blue and green curves, checklist and workflow icons, modern clean typography, polished and practical, instagram portrait 4:5, CommunityBridge branding, Wellbeing and Summer Planning emphasis, headline text Save Time Where It Matters Most	Less admin friction creates more room for meaningful work. CommunityBridge helps teams streamline the tasks that shape every day. Request a demo to see how it works. This season is all about mental health awareness and summer planning.	#CommunityBridge #AdminEfficiency #CareCoordination #ABATherapy #HealthcareTechnology #TeamSupport	2027-05-17	10:00 AM	None	Pending	TRUE
20270519-FB-140	CommunityBridge Annual Growth Campaign 2026-2027	2027-05-care-team-coordination-08	Facebook	Connected Teams Create Calmer Days	branded care coordination graphic, portrait format, soft blue-green gradients, connected team icons, welcoming healthcare-tech aesthetic, balanced spacing, strong centered headline, instagram portrait 4:5, CommunityBridge branding, Wellbeing and Summer Planning emphasis, headline text Connected Teams Create Calmer Days	Care feels stronger when teams are aligned. CommunityBridge helps clinicians, administrators, and family-facing staff stay coordinated so important details reach the right people at the right time. Request a demo to explore a more connected approach. This season is a good time to focus on mental health awareness and summer planning.	#CommunityBridge #CareCoordination #ABATherapy #TeamCommunication #HealthcareWorkflow #ProviderSupport	2027-05-19	10:00 AM	None	Pending	TRUE
20270519-IG-140	CommunityBridge Annual Growth Campaign 2026-2027	2027-05-care-team-coordination-08	Instagram	Connected Teams Create Calmer Days	branded care coordination graphic, portrait format, soft blue-green gradients, connected team icons, welcoming healthcare-tech aesthetic, balanced spacing, strong centered headline, instagram portrait 4:5, CommunityBridge branding, Wellbeing and Summer Planning emphasis, headline text Connected Teams Create Calmer Days	Connected teams can support families with more consistency and less stress. CommunityBridge helps bring the right people and information together. Request a demo to learn more. This season is all about mental health awareness and summer planning.	#CommunityBridge #CareCoordination #ABATherapy #TeamCommunication #HealthcareWorkflow #ProviderSupport	2027-05-19	10:00 AM	None	Pending	TRUE
20270521-FB-141	CommunityBridge Annual Growth Campaign 2026-2027	2027-05-parent-trust-09	Facebook	Trust Grows Through Clear Communication	supportive branded social graphic, family trust theme, clean portrait layout, soft green and blue arcs, subtle family silhouettes or icons, modern calming typography, instagram portrait 4:5, CommunityBridge branding, Wellbeing and Summer Planning emphasis, headline text Trust Grows Through Clear Communication	Trust is built through steady communication, clear expectations, and reliable follow-through. CommunityBridge helps organizations create a more supportive experience for families through stronger coordination. Request a demo to see how the platform supports trust at scale. This season is a good time to focus on mental health awareness and summer planning.	#CommunityBridge #ParentTrust #FamilySupport #ABATherapy #CareTeams #HealthcareTechnology	2027-05-21	10:00 AM	None	Pending	TRUE
20270521-IG-141	CommunityBridge Annual Growth Campaign 2026-2027	2027-05-parent-trust-09	Instagram	Trust Grows Through Clear Communication	supportive branded social graphic, family trust theme, clean portrait layout, soft green and blue arcs, subtle family silhouettes or icons, modern calming typography, instagram portrait 4:5, CommunityBridge branding, Wellbeing and Summer Planning emphasis, headline text Trust Grows Through Clear Communication	Trust grows when families feel informed and supported. CommunityBridge helps teams create a clearer experience from day to day. Request a demo to see how. This season is all about mental health awareness and summer planning.	#CommunityBridge #ParentTrust #FamilySupport #ABATherapy #CareTeams #HealthcareTechnology	2027-05-21	10:00 AM	None	Pending	TRUE
20270524-FB-142	CommunityBridge Annual Growth Campaign 2026-2027	2027-05-provider-growth-10	Facebook	Growth Needs Systems That Scale	professional growth-focused healthcare graphic, clean white field, subtle upward motion elements, dashboard and team icons, blue-green brand accents, modern polished portrait composition, instagram portrait 4:5, CommunityBridge branding, Wellbeing and Summer Planning emphasis, headline text Growth Needs Systems That Scale	As organizations grow, the need for consistent systems grows with them. CommunityBridge helps providers support expansion without losing visibility, communication, or operational confidence. Request a demo to explore scalable coordination. This season is a good time to focus on mental health awareness and summer planning.	#CommunityBridge #ProviderGrowth #ABATherapy #HealthcareOperations #ScalableSystems #ClinicLeadership	2027-05-24	10:00 AM	None	Pending	TRUE
20270524-IG-142	CommunityBridge Annual Growth Campaign 2026-2027	2027-05-provider-growth-10	Instagram	Growth Needs Systems That Scale	professional growth-focused healthcare graphic, clean white field, subtle upward motion elements, dashboard and team icons, blue-green brand accents, modern polished portrait composition, instagram portrait 4:5, CommunityBridge branding, Wellbeing and Summer Planning emphasis, headline text Growth Needs Systems That Scale	Growth works better when the system behind it can scale. CommunityBridge helps providers build with more visibility and confidence. Request a demo to learn more. This season is all about mental health awareness and summer planning.	#CommunityBridge #ProviderGrowth #ABATherapy #HealthcareOperations #ScalableSystems #ClinicLeadership	2027-05-24	10:00 AM	None	Pending	TRUE
20270526-FB-143	CommunityBridge Annual Growth Campaign 2026-2027	2027-05-operational-clarity-11	Facebook	Operational Clarity Changes Everything	minimal branded operations graphic, portrait static design, crisp typography, subtle workflow layers and directional lines, clean healthcare-tech atmosphere, blue and green highlight accents, instagram portrait 4:5, CommunityBridge branding, Wellbeing and Summer Planning emphasis, headline text Operational Clarity Changes Everything	Operational clarity helps teams move faster with less confusion. CommunityBridge brings key workflows into one connected experience so providers can support staff and families more effectively. Request a demo to see how clearer operations can improve the day. This season is a good time to focus on mental health awareness and summer planning.	#CommunityBridge #OperationalClarity #ClinicOperations #ABATherapy #WorkflowSupport #HealthcareTechnology	2027-05-26	10:00 AM	None	Pending	TRUE
20270526-IG-143	CommunityBridge Annual Growth Campaign 2026-2027	2027-05-operational-clarity-11	Instagram	Operational Clarity Changes Everything	minimal branded operations graphic, portrait static design, crisp typography, subtle workflow layers and directional lines, clean healthcare-tech atmosphere, blue and green highlight accents, instagram portrait 4:5, CommunityBridge branding, Wellbeing and Summer Planning emphasis, headline text Operational Clarity Changes Everything	Clarity creates momentum. CommunityBridge helps teams simplify operations so the day can run with more confidence. Request a demo to explore the platform. This season is all about mental health awareness and summer planning.	#CommunityBridge #OperationalClarity #ClinicOperations #ABATherapy #WorkflowSupport #HealthcareTechnology	2027-05-26	10:00 AM	None	Pending	TRUE
20270528-FB-144	CommunityBridge Annual Growth Campaign 2026-2027	2027-05-faq-education-12	Facebook	Better Questions Lead To Better Workflows	educational branded social graphic, portrait layout, FAQ card motif, calm healthcare-tech palette, clean whitespace, modern headline and subtle icon accents, instagram portrait 4:5, CommunityBridge branding, Wellbeing and Summer Planning emphasis, headline text Better Questions Lead To Better Workflows	Sometimes the best workflow improvements start with the right questions. CommunityBridge helps organizations simplify the systems behind communication, scheduling, and day-to-day coordination. Request a demo to see what a more connected workflow could look like. This season is a good time to focus on mental health awareness and summer planning.	#CommunityBridge #ABAEducation #HealthcareWorkflow #ABATherapy #OperationsSupport #ProviderTools	2027-05-28	10:00 AM	None	Pending	TRUE
20270528-IG-144	CommunityBridge Annual Growth Campaign 2026-2027	2027-05-faq-education-12	Instagram	Better Questions Lead To Better Workflows	educational branded social graphic, portrait layout, FAQ card motif, calm healthcare-tech palette, clean whitespace, modern headline and subtle icon accents, instagram portrait 4:5, CommunityBridge branding, Wellbeing and Summer Planning emphasis, headline text Better Questions Lead To Better Workflows	Good questions often lead to stronger systems. CommunityBridge helps teams simplify everyday coordination with tools built for clarity. Request a demo to learn more. This season is all about mental health awareness and summer planning.	#CommunityBridge #ABAEducation #HealthcareWorkflow #ABATherapy #OperationsSupport #ProviderTools	2027-05-28	10:00 AM	None	Pending	TRUE
